"pair_id","article_a_id","article_b_id","event_a_id","event_b_id","category","difficulty","relationship_type","article_a_title","article_a_text","article_b_title","article_b_text","date_a","date_b","location_a","location_b","entities_a","entities_b","ground_truth","reason"
"P0401","T050-A","T050-B","TECH_050","TECH_050","Technology","easy","paraphrase","Vertiq Labs Introduces Lattice Camera Module for Edge AI","Vertiq Labs on Monday introduced Lattice, a camera module that runs object-recognition models directly on the sensor board rather than streaming footage to a server. The company said the part targets warehouse operators and retail chains that struggle with bandwidth limits at their sites. Chief technology officer Hana Brill told reporters in Austin that early units would reach industrial customers before any wider release.","Austin Firm Puts AI Recognition Inside the Camera Itself","A new imaging component from Vertiq Labs performs video analysis on the device, a design the company argues will cut both latency and network costs for large facilities. The module, called Lattice, was shown at a briefing in Austin where engineers demonstrated it counting pallets in a mock loading bay. Vertiq said industrial buyers would receive the first shipments.","2026-09-14","2026-09-14","Austin, USA","Austin, USA","Vertiq Labs; Lattice module; Hana Brill","Vertiq Labs; Lattice","SAME_EVENT","Both describe the same Lattice module introduction in Austin on the same date, with different structure, emphasis and vocabulary."
"P0402","T050-C","T050-D","TECH_050","TECH_050","Technology","medium","different_source","Vertiq Bets on Cameras That Think for Themselves","Facing customers who cannot afford to pipe every frame of video to a data centre, Vertiq Labs has built a module that keeps the analysis local. The company described a part that identifies objects on board and forwards only summaries. Pricing was not disclosed, though Vertiq indicated volume contracts would be negotiated individually.","Vertiq Shows Off Local Video Analysis Hardware","Engineers at Vertiq Labs walked reporters through a compact board that pairs an image sensor with a small inference accelerator. During the session the unit tracked moving crates and flagged misplaced ones without a network connection. Vertiq executives framed the product as a response to rising cloud bills among logistics operators.","2026-09-14","2026-09-14","Austin, USA","Austin, USA","Vertiq Labs; on-board inference module","Vertiq Labs; inference accelerator board","SAME_EVENT","Two outlets covering the identical Austin briefing, one leading on cost rationale and the other on the live demonstration, with no shared phrasing and neither naming the product the same way."
"P0403","T050-A","T051-A","TECH_050","TECH_051","Technology","medium","same_entity_different_event","Vertiq Labs Introduces Lattice Camera Module for Edge AI","Vertiq Labs on Monday introduced Lattice, a camera module that runs object-recognition models directly on the sensor board rather than streaming footage to a server. The company said the part targets warehouse operators and retail chains that struggle with bandwidth limits at their sites. Chief technology officer Hana Brill told reporters in Austin that early units would reach industrial customers before any wider release.","Vertiq Labs Buys Speech Startup Tonewell","Vertiq Labs has agreed to acquire Tonewell, a small speech-recognition developer, in a deal the buyer described as modest in size. Tonewell's fifteen engineers will join Vertiq's audio group in Austin, and the startup's noise-suppression work is expected to appear in future Vertiq hardware. Neither company disclosed financial terms.","2026-09-14","2026-09-29","Austin, USA","Austin, USA","Vertiq Labs; Lattice module; Hana Brill","Vertiq Labs; Tonewell","DIFFERENT_EVENT","Same company and city, but one article covers a product introduction and the other a separate acquisition two weeks later."
"P0404","T052-A","T052-B","TECH_052","TECH_052","Technology","medium","different_style","Kestrel Compute Ships Halcyon 3 Database Engine","Kestrel Compute released version three of its Halcyon database engine on Friday, adding native support for time-series workloads and a rewritten query planner. The Berlin company said the planner cuts execution time on complex joins by roughly half in its own benchmarks, though it declined to publish comparisons against competing systems. Existing customers can upgrade without changing schemas, according to chief executive Otto Behrend, who said compatibility had been a condition set by the company's largest accounts. Kestrel also confirmed that support for the previous major version continues for a further two years.","Halcyon 3: What Changed Under the Hood","The third major version of Halcyon arrives with a query planner rebuilt from scratch, and that rewrite is the headline for anyone running analytical workloads. Kestrel Compute has also folded time-series storage into the core engine instead of shipping it as a plugin. Migration remains schema-compatible, which should spare administrators a painful weekend.","2026-10-02","2026-10-04","Berlin, Germany","Berlin, Germany","Kestrel Compute; Halcyon 3; Otto Behrend","Kestrel Compute; Halcyon 3","SAME_EVENT","Straight news write-up and a technical analysis of the identical Halcyon 3 release, the analysis published two days after the release itself."
"P0405","T052-A","T053-A","TECH_052","TECH_053","Technology","hard","same_entities_different_date","Kestrel Compute Ships Halcyon 3 Database Engine","Kestrel Compute released version three of its Halcyon database engine on Friday, adding native support for time-series workloads and a rewritten query planner. The Berlin company said the planner cuts execution time on complex joins by roughly half in its own benchmarks, though it declined to publish comparisons against competing systems. Existing customers can upgrade without changing schemas, according to chief executive Otto Behrend, who said compatibility had been a condition set by the company's largest accounts. Kestrel also confirmed that support for the previous major version continues for a further two years.","Kestrel Compute Releases Halcyon 4 With Vector Search","Kestrel Compute has published Halcyon 4, the newest release of its database engine, adding built-in vector search and tighter replication controls. Chief executive Otto Behrend said the Berlin company had spent the past year on storage-layer work that customers had requested, particularly around cross-region replication where administrators previously relied on external tooling. As with the previous major version, Kestrel said upgrades require no schema rewrites, a commitment the company has now maintained across three releases. Vector search is implemented directly in the storage engine rather than as an extension, which Kestrel argues reduces the operational burden of running a separate index service alongside the primary database. Early access customers reported acceptable query performance at index sizes in the low billions, though Kestrel did not publish figures. The release is available immediately for self-hosted deployments and reaches the managed service next month. Support for Halcyon 3 continues for two years.","2026-10-02","2027-10-11","Berlin, Germany","Berlin, Germany","Kestrel Compute; Halcyon 3; Otto Behrend","Kestrel Compute; Halcyon 4; Otto Behrend","DIFFERENT_EVENT","Same company, same executive, same product line and near-identical framing, but these are two separate major releases a year apart."
"P0406","T054-A","T054-B","TECH_054","TECH_054","Technology","medium","breaking_update","Marrow Systems Confirms Customer Data Breach","Marrow Systems said Thursday it had detected unauthorised access to a customer database and was working with outside investigators. The Toronto software firm did not initially say how many accounts were involved. Support staff began contacting affected clients the same afternoon.","Marrow Breach Touched 4.2 Million Accounts, Company Says","Marrow Systems put a number on Thursday's intrusion later in the day, telling customers that roughly 4.2 million account records were exposed, including names, email addresses and hashed passwords. The Toronto company said payment details were held on a separate system that investigators believe was untouched. Notification emails went out in batches through the evening.","2026-11-05","2026-11-05","Toronto, Canada","Toronto, Canada","Marrow Systems; data breach","Marrow Systems; 4.2 million records; breach notification","SAME_EVENT","Initial disclosure and a same-day update quantifying the identical intrusion at the same company."
"P0407","T054-A","T055-A","TECH_054","TECH_055","Technology","hard","different_incident","Marrow Systems Confirms Customer Data Breach","Marrow Systems said Thursday it had detected unauthorised access to a customer database and was working with outside investigators. The Toronto software firm did not initially say how many accounts were involved. Support staff began contacting affected clients the same afternoon.","Ridgeline Cloud Discloses Intrusion Affecting Business Clients","Ridgeline Cloud has told business customers that an attacker gained access to an internal administration console last week. The Dublin hosting provider said no customer workloads appear to have been altered and that credentials have been rotated across the affected environment. An external forensics firm has been engaged.","2026-11-05","2026-11-13","Toronto, Canada","Dublin, Ireland","Marrow Systems; data breach; investigators","Ridgeline Cloud; administration console; forensics firm","DIFFERENT_EVENT","Two unrelated breach disclosures at different companies in different countries a week apart, sharing only incident vocabulary."
"P0408","T056-A","T056-B","TECH_056","TECH_056","Technology","hard","entity_normalization","Aurentian Digital Markets Authority Fines Panorai Over Consent Practices","The Aurentian Digital Markets Authority has imposed a fine of 340 million on the advertising technology firm Panorai, finding that its consent prompts pushed users toward accepting tracking. The regulator gave the company ninety days to redesign the prompts. Panorai said it was reviewing the decision.","Bloc Regulator Penalises Ad Firm Over Tracking Prompts","Aurentia's competition and data watchdog has penalised Panorai, ruling that the way the company asked for permission to track users amounted to an unfair design. The order requires changes within three months and carries a penalty in the hundreds of millions. The company indicated it may appeal.","2026-07-30","2026-07-30","Ellisport, Aurentia","Ellisport, Aurentia","Aurentian Digital Markets Authority; Panorai; consent prompts","Aurentia data watchdog; Panorai; tracking permission","SAME_EVENT","The same enforcement decision against the same firm on the same day, with the regulator referred to by its formal name in one article and descriptively in the other."
"P0409","T056-A","T057-A","TECH_056","TECH_057","Technology","very_hard","same_topic_different_event","Aurentian Digital Markets Authority Fines Panorai Over Consent Practices","The Aurentian Digital Markets Authority has imposed a fine of 340 million on the advertising technology firm Panorai, finding that its consent prompts pushed users toward accepting tracking. The regulator gave the company ninety days to redesign the prompts. Panorai said it was reviewing the decision.","Regulator Opens Investigation Into Panorai App Store Terms","Aurentia's digital markets regulator has opened a formal investigation into the terms Panorai imposes on developers distributing software through its store, focusing on commission rates and rules that limit outside payment links. The authority said the inquiry is separate from earlier proceedings involving the company. Panorai said it would cooperate.","2026-07-30","2026-08-18","Ellisport, Aurentia","Ellisport, Aurentia","Aurentian Digital Markets Authority; Panorai; consent prompts; fine","Aurentia digital markets regulator; Panorai; app store terms; investigation","DIFFERENT_EVENT","Same regulator and same company under the same broad regime, but one is a concluded fine over consent design and the other a newly opened probe into store terms."
"P0410","T058-A","T058-B","TECH_058","TECH_058","Technology","medium","different_detail_level","Quillon Semiconductor Opens Penang Plant","Quillon Semiconductor began production at a new packaging plant in Penang on Wednesday. The company said the site will employ about 1,800 people and serve customers seeking supply outside its home market.","Quillon Starts Output at Malaysian Packaging Site","Quillon Semiconductor has started running lines at its Penang facility, the company's first packaging operation outside its home market. Executives said hiring reached roughly 1,800 staff ahead of the opening, with training carried out over the preceding year at partner sites. State officials attended a ceremony at the plant, where Quillon said output would ramp gradually through the first half of next year rather than reaching full capacity immediately. The firm has been under pressure from customers seeking supply outside a single region.","2026-12-03","2026-12-03","Penang, Malaysia","Penang, Malaysia","Quillon Semiconductor; Penang plant","Quillon Semiconductor; Penang facility; state officials","SAME_EVENT","A brief wire item and a fuller report on the identical plant opening, differing only in depth of detail."
"P0411","T059-A","T059-B","TECH_059","TECH_059","Technology","easy","paraphrase","Zephyr Mobility Unveils Trundle Delivery Pod","Zephyr Mobility presented Trundle, a low-speed autonomous pod designed for last-mile parcel delivery, at a demonstration in Rotterdam. The vehicle carries up to sixty kilograms and travels on cycle paths at walking pace. The company said pilot routes would open with two Dutch retailers in the spring.","Rotterdam Demonstration Showcases Sidewalk Delivery Robot","A pod-shaped delivery vehicle from Zephyr Mobility was shown moving along a marked cycle lane in Rotterdam, stopping automatically for pedestrians. Zephyr said the machine, named Trundle, is intended for short parcel runs and will begin trial deliveries with retail partners in the coming months.","2027-01-19","2027-01-19","Rotterdam, Netherlands","Rotterdam, Netherlands","Zephyr Mobility; Trundle pod","Zephyr Mobility; Trundle","SAME_EVENT","Both report the same Rotterdam demonstration of the same vehicle on the same date in clearly different wording."
"P0412","T060-A","T060-B","TECH_060","TECH_060","Technology","medium","different_source","Foundry Collective Publishes Mistpine-2 Weights","Foundry Collective released the weights for Mistpine-2, its second open language model, under a licence permitting commercial use. The group said the model was trained on a curated corpus and performs close to larger closed systems on reasoning benchmarks. Downloads opened alongside a technical report.","Open Model Release Draws Attention From Smaller Developers","A research consortium has made a mid-sized language model freely downloadable, publishing both the parameters and a description of its training data. Developers at smaller firms said the permissive terms make the model usable in products without licensing negotiations. The release includes benchmark results the group says are competitive with proprietary systems.","2026-09-30","2026-09-30","Zurich, Switzerland","Zurich, Switzerland","Foundry Collective; Mistpine-2; open weights","research consortium; open language model; permissive licence","SAME_EVENT","Same open-weight model release on the same date, one article naming the model and group and the other describing them generically."
"P0413","T050-A","T062-A","TECH_050","TECH_062","Technology","hard","same_entity_different_event","Vertiq Labs Introduces Lattice Camera Module for Edge AI","Vertiq Labs on Monday introduced Lattice, a camera module that runs object-recognition models directly on the sensor board rather than streaming footage to a server. The company said the part targets warehouse operators and retail chains that struggle with bandwidth limits at their sites. Chief technology officer Hana Brill told reporters in Austin that early units would reach industrial customers before any wider release.","Vertiq Recalls Lattice Units Over Overheating Reports","Vertiq Labs is recalling a production run of its Lattice camera modules after customers reported units shutting down under sustained load. The company said a power-regulation component sourced from a single supplier is at fault and that replacements will ship free of charge. Roughly 9,000 modules are affected, all from batches assembled in October, and Vertiq said it had identified the affected serial ranges from its own assembly records rather than from customer reports alone. Warehouse operators running the modules in continuous shifts were the first to notice the shutdowns, which occurred after several hours at high ambient temperatures. Vertiq said it has qualified a second supplier for the component.","2026-09-14","2026-12-08","Austin, USA","Austin, USA","Vertiq Labs; Lattice module; Hana Brill","Vertiq Labs; Lattice recall; power regulation component","DIFFERENT_EVENT","Same product and company, but the launch announcement and the later recall are distinct incidents nearly three months apart."
"P0414","T052-A","T063-A","TECH_052","TECH_063","Technology","hard","same_entity_different_event","Kestrel Compute Ships Halcyon 3 Database Engine","Kestrel Compute released version three of its Halcyon database engine on Friday, adding native support for time-series workloads and a rewritten query planner. The Berlin company said the planner cuts execution time on complex joins by roughly half in its own benchmarks, though it declined to publish comparisons against competing systems. Existing customers can upgrade without changing schemas, according to chief executive Otto Behrend, who said compatibility had been a condition set by the company's largest accounts. Kestrel also confirmed that support for the previous major version continues for a further two years.","Kestrel Issues Emergency Patch for Halcyon Flaw","Kestrel Compute has published an out-of-band patch for a flaw in Halcyon that could let an authenticated user read data from other tenants on shared deployments. The Berlin company said it learned of the issue from an outside researcher and has no evidence of exploitation. Administrators were urged to apply the update immediately.","2026-10-02","2026-10-21","Berlin, Germany","Berlin, Germany","Kestrel Compute; Halcyon 3; Otto Behrend","Kestrel Compute; Halcyon patch; security researcher","DIFFERENT_EVENT","Same company and product line with overlapping vocabulary, but a scheduled major release and a later emergency security patch are separate events."
"P0415","T061-A","T061-B","TECH_061","TECH_061","Technology","medium","different_detail_level","Sablefish Networks Opens Satellite Internet Beta","Sablefish Networks began accepting beta users for its satellite broadband service in New Zealand on Wednesday, starting with households on the South Island. The company said the trial would run for several months before any commercial pricing is announced.","Sablefish Starts Limited Broadband Trial in New Zealand","Sablefish Networks has opened a trial of its satellite internet service to a first group of households, concentrating on South Island addresses where fixed connections are slow or absent. The company said participants receive a dish and router at no cost and are asked to report performance weekly through an application that also logs speed tests automatically. Sablefish expects to widen the trial as more satellites reach operating orbit, and said pricing for a commercial launch has not been set. Local telecommunications officials have been briefed on the rollout and said spectrum arrangements were settled last year. The company acknowledged that service will be intermittent during the early phase, with coverage gaps of several minutes at some times of day until the constellation is more complete. Rural advocacy groups welcomed the trial while noting that similar promises have been made before. Sablefish said around 400 households are taking part initially.","2027-02-10","2027-02-10","Christchurch, New Zealand","Christchurch, New Zealand","Sablefish Networks; satellite broadband beta","Sablefish Networks; satellite internet trial; South Island households","SAME_EVENT","A short item and a detailed report on the identical beta opening on the same day in the same country."
"P0416","T061-A","T059-A","TECH_061","TECH_059","Technology","easy","same_topic_different_event","Sablefish Networks Opens Satellite Internet Beta","Sablefish Networks began accepting beta users for its satellite broadband service in New Zealand on Wednesday, starting with households on the South Island. The company said the trial would run for several months before any commercial pricing is announced.","Zephyr Mobility Unveils Trundle Delivery Pod","Zephyr Mobility presented Trundle, a low-speed autonomous pod designed for last-mile parcel delivery, at a demonstration in Rotterdam. The vehicle carries up to sixty kilograms and travels on cycle paths at walking pace. The company said pilot routes would open with two Dutch retailers in the spring.","2027-02-10","2027-01-19","Christchurch, New Zealand","Rotterdam, Netherlands","Sablefish Networks; satellite broadband beta","Zephyr Mobility; Trundle pod","DIFFERENT_EVENT","Unrelated companies, products, countries and dates; only the broad technology-launch framing is shared."
"P0417","T054-C","T054-B","TECH_054","TECH_054","Technology","hard","follow_up","Marrow Customers Told to Reset Passwords After Intrusion","Marrow Systems is instructing account holders to change their passwords following the intrusion disclosed Thursday, and has forced a reset on sessions opened in the past month. The company said hashed credentials were among the records reached by the attacker. A support page listing the affected account types went live the same evening.","Marrow Breach Touched 4.2 Million Accounts, Company Says","Marrow Systems put a number on Thursday's intrusion later in the day, telling customers that roughly 4.2 million account records were exposed, including names, email addresses and hashed passwords. The Toronto company said payment details were held on a separate system that investigators believe was untouched. Notification emails went out in batches through the evening.","2026-11-05","2026-11-05","Toronto, Canada","Toronto, Canada","Marrow Systems; password reset; breach notification","Marrow Systems; 4.2 million records; breach notification","SAME_EVENT","Both articles report parts of the same disclosure on the same evening, one covering the scale and one the customer instructions that were issued as part of it."
"P0418","T058-A","T051-A","TECH_058","TECH_051","Technology","easy","same_topic_different_event","Quillon Semiconductor Opens Penang Plant","Quillon Semiconductor began production at a new packaging plant in Penang on Wednesday. The company said the site will employ about 1,800 people and serve customers seeking supply outside its home market.","Vertiq Labs Buys Speech Startup Tonewell","Vertiq Labs has agreed to acquire Tonewell, a small speech-recognition developer, in a deal the buyer described as modest in size. Tonewell's fifteen engineers will join Vertiq's audio group in Austin, and the startup's noise-suppression work is expected to appear in future Vertiq hardware. Neither company disclosed financial terms.","2026-12-03","2026-09-29","Penang, Malaysia","Austin, USA","Quillon Semiconductor; Penang plant","Vertiq Labs; Tonewell","DIFFERENT_EVENT","Different companies, different corporate actions and different continents; nothing links the two beyond the technology sector."
"P0419","T060-A","T064-A","TECH_060","TECH_064","Technology","very_hard","same_entities_different_date","Foundry Collective Publishes Mistpine-2 Weights","Foundry Collective released the weights for Mistpine-2, its second open language model, under a licence permitting commercial use. The group said the model was trained on a curated corpus and performs close to larger closed systems on reasoning benchmarks. Downloads opened alongside a technical report.","Foundry Collective Releases Mistpine-3 Under Same Licence","Foundry Collective has published Mistpine-3, keeping the commercial-use licence it applied to the previous version. The group said the new model was trained on an expanded corpus and narrows the gap with closed systems on reasoning tasks. A technical report accompanied the download.","2026-09-30","2027-02-24","Zurich, Switzerland","Zurich, Switzerland","Foundry Collective; Mistpine-2; open weights","Foundry Collective; Mistpine-3; open weights","DIFFERENT_EVENT","Nearly identical sentence patterns, same group and same licence terms, but two separate model releases five months apart."
"P0420","T055-A","T055-B","TECH_055","TECH_055","Technology","medium","different_style","Ridgeline Cloud Discloses Intrusion Affecting Business Clients","Ridgeline Cloud has told business customers that an attacker gained access to an internal administration console last week. The Dublin hosting provider said no customer workloads appear to have been altered and that credentials have been rotated across the affected environment. An external forensics firm has been engaged.","What Ridgeline's Console Breach Means for Tenants","The compromise at Ridgeline Cloud reached an internal management interface rather than customer environments, which limits the immediate blast radius but raises questions about how the console was exposed. Ridgeline has rotated administrative credentials and brought in outside investigators. Tenants should still audit their own access logs for the period in question.","2026-11-13","2026-11-14","Dublin, Ireland","Dublin, Ireland","Ridgeline Cloud; administration console; forensics firm","Ridgeline Cloud; management interface; credential rotation","SAME_EVENT","Breaking disclosure and an analytical piece published the next day, both describing the identical Ridgeline console compromise."
"P0421","P050-A","P050-B","POL_050","POL_050","Politics","easy","paraphrase","Nordvik Parliament Passes Digital Identity Act","Nordvik lawmakers approved the Digital Identity Act on Tuesday by a margin of 94 to 61, creating a national credential that residents can use for tax filings, health records and banking. The measure takes effect in phases beginning next July. Opposition members warned about data concentration during a four-hour debate.","National ID Credential Approved in Halsted Vote","A bill establishing a single digital credential for Nordvik residents cleared parliament on Tuesday after a lengthy debate in Halsted. Under the law, the credential will be introduced in stages starting in July and will cover access to tax, health and banking services. Critics in the chamber argued the system places too much information in one place.","2026-10-06","2026-10-06","Halsted, Nordvik","Halsted, Nordvik","Nordvik parliament; Digital Identity Act","Nordvik parliament; digital credential law","SAME_EVENT","Same parliamentary vote on the same bill on the same day, reported with different structure and wording."
"P0422","P050-A","P051-A","POL_050","POL_051","Politics","hard","same_topic_different_event","Nordvik Parliament Passes Digital Identity Act","Nordvik lawmakers approved the Digital Identity Act on Tuesday by a margin of 94 to 61, creating a national credential that residents can use for tax filings, health records and banking. The measure takes effect in phases beginning next July. Opposition members warned about data concentration during a four-hour debate.","Nordvik Announces Biometric Border Pilot at Two Crossings","The Nordvik interior ministry said it would begin testing biometric checks at two land crossings from January, using facial matching to speed processing for returning residents. Officials described the pilot as an administrative programme requiring no new legislation. Privacy groups said the scheme should have been debated in parliament.","2026-10-06","2026-10-27","Halsted, Nordvik","Halsted, Nordvik","Nordvik parliament; Digital Identity Act","Nordvik interior ministry; biometric border pilot","DIFFERENT_EVENT","Both concern identity technology in the same country weeks apart, but one is a parliamentary vote on a statute and the other a ministry-run border pilot with no legislative step."
"P0423","P052-A","P052-B","POL_052","POL_052","Politics","medium","different_source","Vega Wins Solvana Presidential Runoff","Marisol Vega won Solvana's presidential runoff with 52.4 percent of the vote, according to results published by the electoral council late Sunday. Her opponent conceded shortly after the count passed ninety percent of polling stations. Vega addressed supporters in Puerto Alma, promising to move quickly on public transport funding, and said her first act would be to convene provincial governors. Turnout reached 68 percent, well above the first round, with the largest increases recorded in coastal provinces where transport costs featured heavily in campaigning. Observers described the process as orderly. Vega will take office in April with a legislature in which her coalition holds a plurality but not a majority, an arrangement that analysts expect to shape the pace of her programme.","Narrow Second-Round Victory for Vega in Solvana","Solvana's electoral council reported that Marisol Vega had taken the presidency in Sunday's second round, finishing just under three points ahead of her rival. Crowds gathered outside her campaign headquarters in Puerto Alma as the concession came. Vega used her first remarks to signal that transport spending would be an early priority.","2027-03-14","2027-03-14","Puerto Alma, Solvana","Puerto Alma, Solvana","Marisol Vega; Solvana electoral council; runoff","Marisol Vega; Solvana electoral council; second round","SAME_EVENT","Two accounts of the same runoff result announced the same night, differing in framing and detail selection."
"P0424","P052-A","P053-A","POL_052","POL_053","Politics","hard","follow_up","Vega Wins Solvana Presidential Runoff","Marisol Vega won Solvana's presidential runoff with 52.4 percent of the vote, according to results published by the electoral council late Sunday. Her opponent conceded shortly after the count passed ninety percent of polling stations. Vega addressed supporters in Puerto Alma, promising to move quickly on public transport funding, and said her first act would be to convene provincial governors. Turnout reached 68 percent, well above the first round, with the largest increases recorded in coastal provinces where transport costs featured heavily in campaigning. Observers described the process as orderly. Vega will take office in April with a legislature in which her coalition holds a plurality but not a majority, an arrangement that analysts expect to shape the pace of her programme.","Vega Names Cabinet, Keeping Finance Minister in Place","President-elect Marisol Vega presented her cabinet on Monday, retaining the incumbent finance minister and appointing a former mayor to the transport portfolio. The list drew criticism from parts of her coalition that had expected a broader clearout. Confirmation hearings are scheduled for the following week.","2027-03-14","2027-03-29","Puerto Alma, Solvana","Puerto Alma, Solvana","Marisol Vega; electoral council; runoff result","Marisol Vega; cabinet appointments; finance minister","DIFFERENT_EVENT","The cabinet announcement follows from the election but is a separate, later development with its own actors and news value, not part of the election-night event cluster."
"P0425","P053-A","P054-A","POL_053","POL_054","Politics","very_hard","same_person_different_event","Vega Names Cabinet, Keeping Finance Minister in Place","President-elect Marisol Vega presented her cabinet on Monday, retaining the incumbent finance minister and appointing a former mayor to the transport portfolio. The list drew criticism from parts of her coalition that had expected a broader clearout. Confirmation hearings are scheduled for the following week.","Vega Sworn In as Solvana's President","Marisol Vega took the oath of office in Puerto Alma on Saturday, pledging in a short address to submit a transport financing bill within her first month. Regional heads of government attended the ceremony at the national assembly building. Vega's ministers were sworn in immediately afterwards.","2027-03-29","2027-04-10","Puerto Alma, Solvana","Puerto Alma, Solvana","Marisol Vega; cabinet appointments","Marisol Vega; inauguration; national assembly","DIFFERENT_EVENT","Same person, same city and overlapping cast of ministers, but a cabinet announcement and an inauguration ceremony twelve days later are distinct events."
"P0426","P055-A","P055-B","POL_055","POL_055","Politics","medium","different_detail_level","Riverbend County Approves Rent Stabilisation Rules","The Riverbend County board voted 5 to 2 on Wednesday to cap annual rent increases at four percent in buildings older than fifteen years. The ordinance takes effect at the start of the next calendar year.","Rent Increase Cap Clears Riverbend Board After Long Hearing","County supervisors in Riverbend approved a measure limiting yearly rent increases to four percent for older residential buildings, ending a hearing that ran past midnight. The ordinance applies to structures completed more than fifteen years ago and exempts owner-occupied duplexes, an amendment added on the floor after two supervisors said small landlords would otherwise leave the market. Landlord associations told the board the cap would discourage maintenance spending, arguing that owners facing capped revenue would defer roof and boiler replacement until failure. Tenant groups called the threshold too high, pointing to survey data showing median increases below four percent in three of the past five years, which they said would leave the cap non-binding for most renters. Several speakers described being priced out of neighbourhoods where they had lived for decades. The rules take effect at the start of the next calendar year, and the county will publish guidance for property managers before then, including a standard notice form that must accompany any increase. Enforcement will run through the existing housing office, which supervisors were told would need two additional staff to handle complaints. The board also directed staff to report back after eighteen months with data on vacancy rates, average increases and the number of exemption claims filed, a review that supporters framed as the condition for keeping the measure and opponents described as too distant to matter. Two supervisors who voted against said they would introduce a separate measure offering tax relief for owners who complete energy upgrades, arguing that incentives work better than caps. The chair closed the hearing by noting that more than sixty residents had signed up to speak and that the board had sat for over five hours. A legal challenge remains possible: an association representing property owners said it was taking advice on whether the fifteen-year threshold is consistent with state law.","2026-11-18","2026-11-18","Riverbend County, USA","Riverbend County, USA","Riverbend County board; rent stabilisation ordinance","Riverbend county supervisors; rent cap; landlord associations","SAME_EVENT","A two-line result item and a full hearing report covering the same board vote on the same ordinance and date."
"P0427","P055-A","P056-A","POL_055","POL_056","Politics","hard","different_incident","Riverbend County Approves Rent Stabilisation Rules","The Riverbend County board voted 5 to 2 on Wednesday to cap annual rent increases at four percent in buildings older than fifteen years. The ordinance takes effect at the start of the next calendar year.","Ashford County Board Rejects Rent Cap Proposal","A proposal to limit annual rent increases in Ashford County failed on Friday, with supervisors voting 4 to 3 against. Backers said they would return with a narrower version covering only buildings above a certain unit count. Several speakers referenced the debate under way in neighbouring jurisdictions.","2026-11-18","2026-11-20","Riverbend County, USA","Ashford County, USA","Riverbend County board; rent stabilisation ordinance","Ashford County board; rent cap proposal","DIFFERENT_EVENT","Two separate county votes on similar policies two days apart, with opposite outcomes and different governing bodies."
"P0428","P057-A","P057-B","POL_057","POL_057","Politics","medium","different_style","Ruud Survives No-Confidence Vote in Nordvik","Prime Minister Aksel Ruud survived a no-confidence motion on Thursday, with 88 lawmakers backing the motion and 97 opposing it. The vote followed weeks of pressure over a delayed rail contract. Ruud told the chamber afterwards that the government would publish the contract review in full.","Ruud Holds On, But the Rail File Is Not Closed","Nine votes kept Aksel Ruud in office on Thursday, a margin thin enough that his own backbenchers will read it as a warning. The motion grew out of anger over the handling of a rail contract, and Ruud's promise to release the review in full is an attempt to defuse that anger rather than settle it. Coalition partners were notably quiet after the count.","2027-01-21","2027-01-24","Halsted, Nordvik","Halsted, Nordvik","Aksel Ruud; Nordvik parliament; no-confidence motion","Aksel Ruud; rail contract review; coalition partners","SAME_EVENT","News report and a weekend commentary on the identical no-confidence vote held on the Thursday."
"P0429","P057-A","P058-A","POL_057","POL_058","Politics","very_hard","same_entities_different_date","Ruud Survives No-Confidence Vote in Nordvik","Prime Minister Aksel Ruud survived a no-confidence motion on Thursday, with 88 lawmakers backing the motion and 97 opposing it. The vote followed weeks of pressure over a delayed rail contract. Ruud told the chamber afterwards that the government would publish the contract review in full.","Opposition Files Fresh No-Confidence Motion Against Ruud","Opposition parties in Nordvik submitted a new motion of no confidence in Prime Minister Aksel Ruud on Wednesday, this time citing the government's handling of hospital staffing shortages. A vote is expected within the week. Ruud's office said the motion was an attempt to reopen a question parliament had already settled.","2027-01-21","2027-05-06","Halsted, Nordvik","Halsted, Nordvik","Aksel Ruud; Nordvik parliament; no-confidence motion","Aksel Ruud; opposition parties; second no-confidence motion","DIFFERENT_EVENT","Same prime minister, same chamber and the same procedural device, but the two motions are months apart and arise from unrelated grievances."
"P0430","P059-A","P059-B","POL_059","POL_059","Politics","medium","entity_normalization","Tavura's Federal Assembly Ratifies Pension Overhaul","The Federal Assembly of Tavura ratified a pension overhaul on Tuesday, raising the standard retirement age by two years over the coming decade and changing how benefits are indexed. The measure passed with support from both governing parties. Implementation begins in 2028.","Tavuran Lawmakers Approve Retirement Age Increase","Tavura's national legislature has signed off on changes to the state pension, phasing in a two-year rise in the retirement age and altering the indexation formula. Both parties in government voted in favour. Officials said the first changes would apply from 2028.","2026-09-08","2026-09-08","Tavura City, Tavura","Tavura City, Tavura","Federal Assembly of Tavura; pension overhaul","Tavura national legislature; state pension changes","SAME_EVENT","The same ratification vote, with the legislature named formally in one article and described generically in the other."
"P0431","P059-A","P060-A","POL_059","POL_060","Politics","hard","follow_up","Tavura's Federal Assembly Ratifies Pension Overhaul","The Federal Assembly of Tavura ratified a pension overhaul on Tuesday, raising the standard retirement age by two years over the coming decade and changing how benefits are indexed. The measure passed with support from both governing parties. Implementation begins in 2028.","Tens of Thousands March in Tavura City Over Pension Law","Public sector unions led a march through Tavura City on Saturday against the pension changes approved earlier in the week, with organisers claiming 80,000 participants and police estimating around 50,000. Transport services ran at reduced frequency during the protest. Union leaders said further action would follow if the government refused talks.","2026-09-08","2026-09-12","Tavura City, Tavura","Tavura City, Tavura","Federal Assembly of Tavura; pension overhaul","public sector unions; pension protest; Tavura City police","DIFFERENT_EVENT","The protest is a reaction to the law but is its own event with different participants, date and news substance rather than part of the ratification cluster."
"P0432","P061-A","P061-B","POL_061","POL_061","Politics","easy","paraphrase","Ness Introduces Campaign Finance Bill","Senator Halvard Ness introduced legislation on Tuesday that would require disclosure of donors above 2,000 to political advocacy groups. The bill also shortens the reporting window before elections from thirty days to seven. Ness said he had secured two co-sponsors.","Disclosure Bill Would Name Larger Political Donors","A bill filed by Senator Halvard Ness would force advocacy organisations to identify contributors giving more than 2,000 and to file reports weekly rather than monthly in the run-up to elections. Ness told reporters that two colleagues had already signed on as co-sponsors.","2026-12-01","2026-12-01","Halsted, Nordvik","Halsted, Nordvik","Halvard Ness; campaign finance bill; co-sponsors","Halvard Ness; disclosure bill; advocacy organisations","SAME_EVENT","Same bill introduction by the same senator on the same day, reported with different sentence construction."
"P0433","P062-A","P062-B","POL_062","POL_062","Politics","easy","different_source","Glencove Mayor Announces Re-election Bid","Mayor Dana Whitlock said Wednesday she would seek a third term in Glencove, opening her campaign at a community centre on the east side. She pointed to falling response times for emergency services and a resurfacing programme as evidence of progress, and acknowledged that housing costs had risen faster during her tenure than she had hoped. No challenger has yet declared, though two council members have said they are considering the race. The filing deadline falls in April, and campaign finance reports covering the current quarter are due before then. Whitlock has held the office since 2019.","Whitlock to Run Again in Glencove","Glencove's mayor confirmed she is standing for another term, telling supporters at an east-side venue that the work on city services is unfinished. Dana Whitlock cited emergency response figures and road repairs in her remarks. The filing deadline is still two months away and the field remains empty.","2027-02-03","2027-02-03","Glencove, USA","Glencove, USA","Dana Whitlock; Glencove mayoral campaign","Dana Whitlock; Glencove; re-election bid","SAME_EVENT","Two reports of the same campaign announcement at the same venue on the same day."
"P0434","P062-A","P063-A","POL_062","POL_063","Politics","hard","same_location_different_event","Glencove Mayor Announces Re-election Bid","Mayor Dana Whitlock said Wednesday she would seek a third term in Glencove, opening her campaign at a community centre on the east side. She pointed to falling response times for emergency services and a resurfacing programme as evidence of progress, and acknowledged that housing costs had risen faster during her tenure than she had hoped. No challenger has yet declared, though two council members have said they are considering the race. The filing deadline falls in April, and campaign finance reports covering the current quarter are due before then. Whitlock has held the office since 2019.","Glencove Council Approves Bond for Stadium Repairs","The Glencove city council voted Friday to issue 46 million in bonds to repair the municipal stadium, with two members opposed. The money covers structural work on the upper deck and a replacement roof over the west stand. Debt service will be met from an existing hotel tax rather than general revenue.","2027-02-03","2027-02-05","Glencove, USA","Glencove, USA","Dana Whitlock; Glencove mayoral campaign","Glencove city council; stadium bond; hotel tax","DIFFERENT_EVENT","Same city two days apart, but a mayoral campaign launch and a council bond vote involve different actors and subject matter."
"P0435","P064-A","P064-B","POL_064","POL_064","Politics","medium","breaking_update","Coalition Talks Collapse in Estveria's Neighbour Marnholt","Talks to form a governing coalition in Marnholt broke down on Thursday evening after the smallest of the three parties withdrew, negotiators said. No date has been set for further discussions.","Marnholt Faces Repeat Election After Coalition Talks Fail","The failure of coalition negotiations in Marnholt on Thursday leaves the country heading toward a second election, officials said late in the evening, after the Green Union pulled out over disagreements on fuel taxation. Under the constitution a fresh vote must be scheduled within ninety days if no government is formed, and the electoral commission indicated it would need at least six weeks to prepare. The caretaker administration will continue in a limited capacity, unable to introduce new spending commitments. Negotiators from the two remaining parties said they would meet again next week, though neither suggested a path to a majority without the withdrawn partner. Business groups called for a rapid resolution, pointing to a budget that must pass before the end of the year. Party officials gave conflicting accounts of when the talks became untenable.","2027-06-04","2027-06-04","Marnholt City, Marnholt","Marnholt City, Marnholt","Marnholt coalition talks; negotiators","Marnholt coalition talks; Green Union; caretaker administration","SAME_EVENT","Initial bulletin and a fuller same-evening update on the identical collapse of coalition negotiations."
"P0436","P065-A","P065-B","POL_065","POL_065","Politics","hard","different_source","Referendum in Kaltbach Rejects Merger of Municipalities","Voters in the Kaltbach district rejected a plan to merge six municipalities into a single administrative unit, with 57 percent voting against on a turnout of 61 percent. Supporters had argued the merger would cut duplicated services. The district governor said the result would be respected and no revised plan is planned this term.","Municipal Merger Plan Fails at the Ballot Box","A proposal to combine six local authorities in Kaltbach into one body has been defeated, according to the district returning officer, who reported a clear majority against on a turnout above sixty percent. Campaigners for the merger had promised savings on shared administration. Officials indicated the plan would not be revived before the next term.","2027-05-23","2027-05-23","Kaltbach, Nordvik","Kaltbach, Nordvik","Kaltbach district; municipal merger referendum; district governor","Kaltbach; merger vote; returning officer","SAME_EVENT","Same referendum result on the same day, with figures presented precisely in one article and approximately in the other and different officials quoted."
"P0437","P066-A","P066-B","POL_066","POL_066","Politics","medium","different_detail_level","Justice Ministry Proposes Sentencing Guideline Changes","Nordvik's justice ministry published draft guidelines on Monday that would narrow the range of sentences available for non-violent property offences. The ministry said inconsistency between districts had become difficult to justify and gave judges associations eight weeks to comment.","Draft Guidelines Would Reduce Sentencing Discretion for Property Crime","A consultation document from the justice ministry sets out narrower sentencing bands for burglary and theft where no violence is involved, replacing guidance that judges have applied since 2011. The ministry said inconsistency between districts had become difficult to justify. Judges associations were given eight weeks to respond, and the ministry indicated it would consider a longer window if requested. Any final version would still require approval by the sentencing council before taking effect.","2027-04-12","2027-04-12","Halsted, Nordvik","Halsted, Nordvik","Nordvik justice ministry; sentencing guidelines","Nordvik justice ministry; sentencing bands; judges associations","SAME_EVENT","The same consultation publication on the same day, summarised briefly in one article and in depth in the other."
"P0438","P066-A","P067-A","POL_066","POL_067","Politics","hard","same_entity_different_event","Justice Ministry Proposes Sentencing Guideline Changes","Nordvik's justice ministry published draft guidelines on Monday that would narrow the range of sentences available for non-violent property offences. The ministry said inconsistency between districts had become difficult to justify and gave judges associations eight weeks to comment.","Justice Ministry Announces Court Building Programme","Nordvik's justice ministry set out plans on Thursday to build four regional court complexes and close eleven ageing courthouses, a programme it said would take six years. Ministry officials said travel distances for some residents would increase but that hearing capacity overall would rise. Bar associations asked for detail on video hearing provision.","2027-04-12","2027-04-30","Halsted, Nordvik","Halsted, Nordvik","Nordvik justice ministry; sentencing guidelines; judges associations","Nordvik justice ministry; court building programme; bar associations","DIFFERENT_EVENT","Same ministry announcing two unrelated policies weeks apart, one on sentencing and one on court estate."
"P0439","P068-A","P068-B","POL_068","POL_068","Politics","easy","paraphrase","Special Election Fills Vacant Seat in Pellham District","Ana Ferreira won the special election in the Pellham district on Tuesday, taking 61 percent of the vote in a low-turnout contest to fill a seat left vacant by a resignation. She will serve the remaining eighteen months of the term.","Ferreira Takes Pellham Seat in Low-Turnout Vote","A special election in Pellham has been won by Ana Ferreira, who finished well ahead of two rivals on a turnout that officials described as unusually thin. Ferreira fills a vacancy created when the previous member stepped down and will hold the seat until the scheduled election in eighteen months.","2027-07-06","2027-07-06","Pellham, Nordvik","Pellham, Nordvik","Ana Ferreira; Pellham special election","Ana Ferreira; Pellham; special election","SAME_EVENT","Both report the same special election result on the same date in different words."
"P0440","P068-A","P069-A","POL_068","POL_069","Politics","medium","same_topic_different_event","Special Election Fills Vacant Seat in Pellham District","Ana Ferreira won the special election in the Pellham district on Tuesday, taking 61 percent of the vote in a low-turnout contest to fill a seat left vacant by a resignation. She will serve the remaining eighteen months of the term.","Second Vacancy Triggers Special Election in Dorwich","Officials in Dorwich have scheduled a special election for September after the sitting member resigned citing health reasons. Two candidates have declared so far and the filing period closes in three weeks. It will be the second vacancy in the region this year.","2027-07-06","2027-07-21","Pellham, Nordvik","Dorwich, Nordvik","Ana Ferreira; Pellham special election","Dorwich; special election; candidate filing","DIFFERENT_EVENT","Two different special elections in different districts, one concluded and one merely scheduled."
"P0441","B050-A","B050-B","BIZ_050","BIZ_050","Business","easy","paraphrase","Ardent Foods to Buy Copperline Bakery for 1.1 Billion","Ardent Foods said Thursday it had agreed to acquire Copperline Bakery in a cash deal valued at 1.1 billion, adding a regional bread and pastry business to its portfolio. Ardent expects the transaction to close in the first quarter, subject to competition clearance. Copperline's four plants will continue operating under their existing brand.","Chicago Group Strikes Deal for Regional Bakery Chain","Ardent Foods has reached an agreement to take over Copperline Bakery, paying 1.1 billion in cash for the maker of packaged breads and pastries. The buyer said closing is targeted for early next year once regulators have reviewed the deal, and that Copperline's plants and brand name will be retained.","2026-10-15","2026-10-15","Chicago, USA","Chicago, USA","Ardent Foods; Copperline Bakery; acquisition","Ardent Foods; Copperline Bakery; cash deal","SAME_EVENT","Same acquisition agreement announced on the same day, with different sentence order and vocabulary."
"P0442","B050-A","B051-A","BIZ_050","BIZ_051","Business","hard","follow_up","Ardent Foods to Buy Copperline Bakery for 1.1 Billion","Ardent Foods said Thursday it had agreed to acquire Copperline Bakery in a cash deal valued at 1.1 billion, adding a regional bread and pastry business to its portfolio. Ardent expects the transaction to close in the first quarter, subject to competition clearance. Copperline's four plants will continue operating under their existing brand.","Competition Authority Clears Ardent Purchase With Conditions","The competition authority approved Ardent Foods' purchase of Copperline Bakery on Thursday, requiring the buyer to sell two distribution depots in overlapping regions. Officials said the divestment addresses concerns raised by independent grocers during the review. Ardent said it would complete the sale within six months of closing.","2026-10-15","2027-02-04","Chicago, USA","Washington, USA","Ardent Foods; Copperline Bakery; acquisition","competition authority; Ardent Foods; divestment conditions","DIFFERENT_EVENT","The regulatory clearance concerns the same transaction but is a separate decision by a different body nearly four months later, with its own substance."
"P0443","B050-A","B052-A","BIZ_050","BIZ_052","Business","medium","same_entity_different_event","Ardent Foods to Buy Copperline Bakery for 1.1 Billion","Ardent Foods said Thursday it had agreed to acquire Copperline Bakery in a cash deal valued at 1.1 billion, adding a regional bread and pastry business to its portfolio. Ardent expects the transaction to close in the first quarter, subject to competition clearance. Copperline's four plants will continue operating under their existing brand.","Ardent Foods Posts Quarterly Loss on Commodity Costs","Ardent Foods reported a loss of 84 million for the third quarter, citing higher wheat and packaging costs that it was unable to pass on fully to retailers. Revenue was broadly flat. The company narrowed its full-year margin guidance and said it had begun renegotiating supply contracts.","2026-10-15","2026-11-10","Chicago, USA","Chicago, USA","Ardent Foods; Copperline Bakery; acquisition","Ardent Foods; quarterly loss; margin guidance","DIFFERENT_EVENT","Same company weeks apart, but an acquisition announcement and an earnings release are distinct corporate events."
"P0444","B053-A","B053-B","BIZ_053","BIZ_053","Business","medium","different_source","Halberd Airways Orders 40 Lumair Narrowbodies","Halberd Airways has placed a firm order for 40 single-aisle aircraft from Lumair, with deliveries scheduled between 2029 and 2033. The carrier said the jets will replace older equipment on regional routes rather than expand the fleet, and that seat numbers across the network would be broadly unchanged when the programme completes. List prices were not disclosed and airlines typically negotiate substantial discounts on orders of this size. Halberd said it retains options on a further fifteen aircraft that must be exercised by 2030. Financing arrangements are still being finalised with a group of lessors.","Lumair Wins Fleet Renewal Deal With Singapore Carrier","Aircraft maker Lumair has secured a commitment for 40 narrowbody jets from Halberd Airways, a deal announced at an industry event in Singapore. Halberd executives described the purchase as a replacement programme, with the first handovers due at the end of the decade. Neither side gave a value for the agreement.","2027-03-02","2027-03-02","Singapore","Singapore","Halberd Airways; Lumair; narrowbody order","Lumair; Halberd Airways; fleet renewal","SAME_EVENT","Same aircraft order announced on the same day, told from the buyer's perspective in one article and the manufacturer's in the other."
"P0445","B053-A","B054-A","BIZ_053","BIZ_054","Business","very_hard","same_entities_different_date","Halberd Airways Orders 40 Lumair Narrowbodies","Halberd Airways has placed a firm order for 40 single-aisle aircraft from Lumair, with deliveries scheduled between 2029 and 2033. The carrier said the jets will replace older equipment on regional routes rather than expand the fleet, and that seat numbers across the network would be broadly unchanged when the programme completes. List prices were not disclosed and airlines typically negotiate substantial discounts on orders of this size. Halberd said it retains options on a further fifteen aircraft that must be exercised by 2030. Financing arrangements are still being finalised with a group of lessors.","Halberd Adds Order for 12 Lumair Widebodies","Halberd Airways has ordered 12 twin-aisle aircraft from Lumair for long-haul routes, with deliveries beginning in 2031. The carrier said the order supports planned expansion into new markets rather than replacement of existing capacity. Terms were not disclosed.","2027-03-02","2028-03-06","Singapore","Singapore","Halberd Airways; Lumair; narrowbody order","Halberd Airways; Lumair; widebody order","DIFFERENT_EVENT","Same airline, same manufacturer, same city and closely parallel phrasing, but two separate orders a year apart for different aircraft types and purposes."
"P0446","B055-A","B055-B","BIZ_055","BIZ_055","Business","medium","different_detail_level","Silverbrook Group Prices IPO at 24 a Share","Silverbrook Group priced its initial public offering at 24 a share on Wednesday, at the top of its indicated range, raising 620 million. Conditional dealings begin Thursday and the company intends to use most of the proceeds to repay debt.","Silverbrook Sets IPO Price at Top of Range","The industrial services group Silverbrook has priced its flotation at 24 a share, the upper end of the range it published to investors, raising about 620 million before fees. Bankers said the order book was covered several times over, with demand concentrated among institutional funds and relatively little allocated to retail intermediaries. Conditional dealings begin Thursday and unconditional trading the following week. Silverbrook intends to use most of the proceeds to repay debt taken on during a leveraged acquisition three years ago, leaving net borrowings at roughly one and a half times earnings on completion. Existing owners retain a stake of about 31 percent, subject to a lock-up running to the first full-year results. The company operates maintenance contracts across water utilities and rail infrastructure, a mix management describes as long-dated and resistant to economic cycles.","2026-09-24","2026-09-24","London, UK","London, UK","Silverbrook Group; IPO pricing","Silverbrook Group; flotation; institutional investors","SAME_EVENT","Short pricing item and a longer account of the same IPO pricing on the same date."
"P0447","B055-A","B056-A","BIZ_055","BIZ_056","Business","hard","same_entity_different_event","Silverbrook Group Prices IPO at 24 a Share","Silverbrook Group priced its initial public offering at 24 a share on Wednesday, at the top of its indicated range, raising 620 million. Conditional dealings begin Thursday and the company intends to use most of the proceeds to repay debt.","Silverbrook Shares Slide After First Results as a Public Company","Silverbrook Group shares fell 14 percent on Friday after the company reported margins below the guidance it gave at flotation, blaming delayed contract awards in its maintenance division. Management said the pipeline remained intact and that work had shifted rather than disappeared. The stock closed below its offer price for the first time.","2026-09-24","2026-12-11","London, UK","London, UK","Silverbrook Group; IPO pricing","Silverbrook Group; first results; share slide","DIFFERENT_EVENT","Same company and a linked storyline, but the IPO pricing and the later results-day sell-off are separate events months apart."
"P0448","B057-A","B057-B","BIZ_057","BIZ_057","Business","medium","different_style","Vantram Motors to Cut 900 Jobs at Graz Plant","Vantram Motors said Wednesday it would reduce headcount at its Graz assembly plant by about 900 positions over eighteen months, citing slower demand for its mid-size models. The company said it would rely on voluntary departures and early retirement where possible, and that compulsory redundancies were not planned in the first phase. Works council representatives were informed the same morning and said they would seek guarantees covering the remaining lines before agreeing terms. The plant currently employs around 6,400 people across two shifts, with a third shift having been discontinued last year. Management said the mid-size segment had contracted faster than forecast across the region, with buyers moving both to smaller vehicles and to larger models with higher margins, leaving the middle of the range exposed. Production of one model will be consolidated onto a single line by the end of next year. Vantram said the Graz site would continue to build two other models and would take on assembly of a derivative version from 2029, a commitment the works council described as necessary but insufficient. Regional politicians asked for a meeting with the company before any formal notification period begins. The announcement follows similar reductions at two supplier firms in the same region earlier in the year, and industry associations said the local supply base would feel the effect within months.","Graz Job Cuts Show Where Vantram Thinks Demand Is Going","The 900 positions Vantram Motors plans to remove in Graz are concentrated on lines building mid-size cars, which tells you more about the company's forecast than its statement does. Management has promised to lean on voluntary exits, an approach that softens the immediate impact but stretches the process over a year and a half. The works council will be central to how quickly that goes.","2027-01-14","2027-01-16","Graz, Austria","Graz, Austria","Vantram Motors; Graz plant; job cuts; works council","Vantram Motors; Graz; voluntary exits; works council","SAME_EVENT","News report and a later analysis of the identical job-cut announcement at the same plant, the analysis appearing two days afterwards."
"P0449","B057-A","B058-A","BIZ_057","BIZ_058","Business","hard","same_entity_different_event","Vantram Motors to Cut 900 Jobs at Graz Plant","Vantram Motors said Wednesday it would reduce headcount at its Graz assembly plant by about 900 positions over eighteen months, citing slower demand for its mid-size models. The company said it would rely on voluntary departures and early retirement where possible, and that compulsory redundancies were not planned in the first phase. Works council representatives were informed the same morning and said they would seek guarantees covering the remaining lines before agreeing terms. The plant currently employs around 6,400 people across two shifts, with a third shift having been discontinued last year. Management said the mid-size segment had contracted faster than forecast across the region, with buyers moving both to smaller vehicles and to larger models with higher margins, leaving the middle of the range exposed. Production of one model will be consolidated onto a single line by the end of next year. Vantram said the Graz site would continue to build two other models and would take on assembly of a derivative version from 2029, a commitment the works council described as necessary but insufficient. Regional politicians asked for a meeting with the company before any formal notification period begins. The announcement follows similar reductions at two supplier firms in the same region earlier in the year, and industry associations said the local supply base would feel the effect within months.","Vantram Commits 700 Million to Battery Assembly Site","Vantram Motors announced an investment of 700 million in a battery pack assembly facility near Linz, expected to create around 600 jobs from 2029. The company said the site would supply its own plants rather than external customers. Regional authorities are contributing infrastructure works.","2027-01-14","2027-02-19","Graz, Austria","Linz, Austria","Vantram Motors; Graz plant; job cuts","Vantram Motors; Linz battery site; investment","DIFFERENT_EVENT","Same manufacturer in the same country, but a job-cut announcement and a separate investment decision at a different site five weeks later."
"P0450","B059-A","B059-B","BIZ_059","BIZ_059","Business","easy","paraphrase","Marrowfield Cuts Prices on 500 Grocery Lines","The supermarket chain Marrowfield said it had lowered prices on around 500 products from Monday, concentrating on fresh produce, dairy and household staples. The company said the reductions are permanent rather than promotional. Marrowfield operates 340 stores.","Supermarket Drops Prices Across Staples Range","Marrowfield has reduced shelf prices on roughly 500 items, saying the cuts to milk, vegetables and cleaning products will stay in place rather than run as a limited offer. The chain, which has 340 outlets, applied the new prices at the start of the week.","2026-11-04","2026-11-04","Manchester, UK","Manchester, UK","Marrowfield; price cuts; grocery staples","Marrowfield; shelf prices; supermarket chain","SAME_EVENT","Same permanent price-cut announcement by the same chain on the same day, differently worded."
"P0451","B059-A","B060-A","BIZ_059","BIZ_060","Business","hard","different_incident","Marrowfield Cuts Prices on 500 Grocery Lines","The supermarket chain Marrowfield said it had lowered prices on around 500 products from Monday, concentrating on fresh produce, dairy and household staples. The company said the reductions are permanent rather than promotional. Marrowfield operates 340 stores.","Beckwith Answers With Cuts on 700 Products","Beckwith Stores said it had reduced prices on about 700 lines, including bread, tinned goods and pet food, effective Wednesday. The chain said the move reflects lower input costs rather than a response to competitors, though analysts noted the timing. Beckwith runs 512 stores.","2026-11-04","2026-11-06","Manchester, UK","Leeds, UK","Marrowfield; price cuts; grocery staples","Beckwith Stores; price cuts; competitors","DIFFERENT_EVENT","Two different retailers announcing their own price reductions two days apart, with different scope and store counts despite near-identical framing."
"P0452","B061-A","B061-B","BIZ_061","BIZ_061","Business","medium","entity_normalization","Pellhouse Raises 90 Million in Series B","Pellhouse, a payments firm serving small merchants, has closed a 90 million Series B round led by Ridgemont Partners. The company said the money will fund expansion into two additional markets and a doubling of its engineering team. Existing backers participated.","Small-Merchant Payments Startup Lands Fresh Funding","A four-year-old payments company focused on independent retailers has raised 90 million in a round led by an established growth investor. The startup, which operates under the Pellhouse brand, said the capital supports entry into new markets and hiring across engineering. Earlier investors joined the round.","2027-04-08","2027-04-08","Lisbon, Portugal","Lisbon, Portugal","Pellhouse; Series B; Ridgemont Partners","Pellhouse; funding round; growth investor","SAME_EVENT","Same funding round on the same date, with the lead investor named in one article and described only by type in the other."
"P0453","B061-A","B062-A","BIZ_061","BIZ_062","Business","hard","same_topic_different_event","Pellhouse Raises 90 Million in Series B","Pellhouse, a payments firm serving small merchants, has closed a 90 million Series B round led by Ridgemont Partners. The company said the money will fund expansion into two additional markets and a doubling of its engineering team. Existing backers participated.","Quaymark Closes 75 Million Round for Merchant Lending","Quaymark, which provides short-term credit to independent shops, has raised 75 million in a Series B led by Halversen Capital. The company said funds will support underwriting capacity and a move into two neighbouring markets. Founders retain a majority of voting rights.","2027-04-08","2027-04-22","Lisbon, Portugal","Madrid, Spain","Pellhouse; Series B; Ridgemont Partners","Quaymark; Series B; Halversen Capital","DIFFERENT_EVENT","Two different startups raising similar-sized rounds two weeks apart in the same sector, with different investors and cities."
"P0454","B063-A","B063-B","BIZ_063","BIZ_063","Business","easy","different_source","Norlantic Adds Congestion Surcharge on Northern Routes","The shipping line Norlantic will apply a congestion surcharge of 220 per container on northern European routes from June, citing berth delays that it said have lengthened round trips by three days. Customers were notified by circular. The charge will be reviewed monthly.","Shippers Face New Charge as Port Delays Persist","Exporters using Norlantic's northern services will pay an additional fee per box from next month after the carrier said waiting times at several terminals had added days to each rotation. The line told customers the surcharge would be reassessed at monthly intervals depending on berth availability. Freight forwarders said the cost would be passed to cargo owners.","2027-05-12","2027-05-12","Hamburg, Germany","Hamburg, Germany","Norlantic; congestion surcharge; northern routes","Norlantic; surcharge; freight forwarders","SAME_EVENT","Same surcharge announcement on the same day, one article written from the carrier notice and the other from the customer side."
"P0455","B064-A","B064-B","BIZ_064","BIZ_064","Business","medium","breaking_update","Ashwood Mutual and Penrose Agree Merger Terms","Ashwood Mutual and Penrose Insurance said Wednesday they had agreed terms on a merger that would create the third-largest general insurer in the market. Both boards recommended the deal, which needs member and regulatory approval.","Ashwood-Penrose Deal Would Be All-Share, Firms Confirm","The merger agreed between Ashwood Mutual and Penrose Insurance will be structured as an all-share transaction with Ashwood policyholders receiving a 54 percent interest in the combined entity, the companies said later on Wednesday. The enlarged group would hold about 11 percent of the general insurance market, placing it behind two larger competitors. Both boards recommended the deal, which needs member and regulatory approval, with a members' vote expected in the new year. Executives said the combination would produce annual cost savings in the region of 90 million by the third year, largely through consolidating claims handling and retiring one of two policy administration systems. No branch closures were announced, though the companies acknowledged overlap in three regional offices. Ratings agencies placed both entities on review with positive implications following the statement.","2026-10-28","2026-10-28","Edinburgh, UK","Edinburgh, UK","Ashwood Mutual; Penrose Insurance; merger","Ashwood Mutual; Penrose Insurance; all-share merger; boards","SAME_EVENT","Initial confirmation and a same-day update adding structure and ownership split for the identical merger agreement."
"P0456","B064-A","B065-A","BIZ_064","BIZ_065","Business","hard","follow_up","Ashwood Mutual and Penrose Agree Merger Terms","Ashwood Mutual and Penrose Insurance said Wednesday they had agreed terms on a merger that would create the third-largest general insurer in the market. Both boards recommended the deal, which needs member and regulatory approval.","Ashwood Members Vote Down Penrose Merger","Ashwood Mutual members rejected the proposed merger with Penrose Insurance at a special meeting, with 46 percent voting in favour against a required threshold of 75 percent. The board said it accepted the outcome and would not bring a revised proposal this year. Penrose said it would pursue growth independently.","2026-10-28","2027-01-20","Edinburgh, UK","Edinburgh, UK","Ashwood Mutual; Penrose Insurance; merger terms","Ashwood Mutual members; merger rejection; Penrose Insurance","DIFFERENT_EVENT","Same two companies and the same transaction storyline, but the terms agreement and the members' rejection nearly three months later are distinct events with opposite outcomes."
"P0457","B066-A","B066-B","BIZ_066","BIZ_066","Business","easy","paraphrase","Torrin Group Names New Chief Executive","Torrin Group has appointed Ilse Wagner as chief executive, effective 1 September, succeeding a leader who announced his retirement in March. Wagner has run the group's industrial coatings division for six years. The board said the appointment followed an internal and external search.","Wagner Promoted to Lead Torrin Group","The board of Torrin Group has chosen Ilse Wagner, currently head of its coatings business, as its next chief executive. She takes over at the start of September from the outgoing leader who signalled his departure earlier in the year. Directors said candidates from outside the company had also been considered.","2027-06-17","2027-06-17","Basel, Switzerland","Basel, Switzerland","Torrin Group; Ilse Wagner; chief executive appointment","Torrin Group; Ilse Wagner; board","SAME_EVENT","Same executive appointment announced on the same day in different phrasing."
"P0458","B067-A","B067-B","BIZ_067","BIZ_067","Business","hard","different_source","Central Bank of Tavura Holds Rates at 3.25 Percent","Tavura's central bank left its policy rate unchanged at 3.25 percent on Thursday, breaking a run of three consecutive reductions. The rate-setting committee said services inflation had proved stickier than projected. Two of the nine members voted for a further cut.","Rate Cutting Pauses in Tavura as Services Prices Hold Up","Policymakers in Tavura have paused an easing cycle, keeping borrowing costs where they are after three successive moves lower. The committee pointed to price pressure in services as the reason for waiting, though a minority pushed for another reduction. Bond yields rose modestly after the statement.","2027-03-18","2027-03-18","Tavura City, Tavura","Tavura City, Tavura","Central Bank of Tavura; policy rate; rate-setting committee","Tavura policymakers; borrowing costs; committee minority","SAME_EVENT","Both articles report the same rate decision by the same committee on the same day, one naming the institution and rate level and the other describing the pause and market reaction."
"P0459","B068-A","B068-B","BIZ_068","BIZ_068","Business","medium","different_detail_level","Coastal Ferry Operator Reports Record Passenger Numbers","Stroma Ferries carried 4.1 million passengers last year, its highest annual total, the company said.","Stroma Ferries Sets Passenger Record as New Vessels Enter Service","Stroma Ferries said it moved 4.1 million passengers over the year, exceeding its previous best by roughly nine percent, after two additional vessels joined the fleet in spring. The operator attributed part of the increase to more frequent sailings on its shortest crossing, where capacity had constrained demand for years. Freight volumes rose more modestly. The company said fares would be held at current levels through the next season.","2027-02-09","2027-02-09","Aberdeen, UK","Aberdeen, UK","Stroma Ferries; passenger record","Stroma Ferries; passenger record; new vessels; freight volumes","SAME_EVENT","Same annual results disclosure on the same day, one a single-sentence item and the other a fuller report."
"P0460","B069-A","B069-B","BIZ_069","BIZ_069","Business","very_hard","different_style","Hallam Retail Warns on Full-Year Profit","Hallam Retail told the market on Monday that full-year profit would fall roughly 12 percent below its earlier guidance, blaming weak sales of home furnishings and higher markdowns to clear stock. Shares dropped sharply in early trading. The company said cost reductions announced in the autumn remain on track.","Hallam's Warning Is About Stock, Not Shoppers","The profit shortfall flagged by Hallam Retail on Monday came with a detail worth dwelling on: markdowns, not footfall, did most of the damage. The retailer bought too much furniture for a season that did not arrive, and clearing it cost margin rather than volume. Management insists the autumn cost programme is unaffected, which is the part investors will test at the next update.","2027-09-13","2027-09-14","Birmingham, UK","Birmingham, UK","Hallam Retail; profit warning; markdowns","Hallam Retail; profit shortfall; markdowns; cost programme","SAME_EVENT","A market report and a columnist's reading of the identical profit warning, the column running the following morning, sharing no sentences and using opposite emphases."
"P0461","SP050-A","SP050-B","SPORT_050","SPORT_050","Sports","easy","paraphrase","Halbrook City Wins Cup Final 2-1","Halbrook City lifted the domestic cup on Saturday after beating Denmoor Rangers 2-1, with the winning goal arriving in the 84th minute from a corner. It is the club's first cup success in nineteen years and its first trophy since promotion four seasons ago. Denmoor had equalised early in the second half through a deflected shot that wrong-footed the goalkeeper. Halbrook's captain, playing his final match before a move abroad, was named man of the match. The club said an open-top parade would take place on Monday afternoon.","Late Header Settles Cup Final for Halbrook","A header six minutes from time gave Halbrook City a 2-1 win over Denmoor Rangers in the cup final, ending a wait of almost two decades for silverware. Denmoor had drawn level after the interval when a shot took a deflection past the keeper. Halbrook held on through five minutes of stoppage time.","2027-05-22","2027-05-22","Halbrook, UK","Halbrook, UK","Halbrook City; Denmoor Rangers; cup final","Halbrook City; Denmoor Rangers; cup final","SAME_EVENT","Same cup final on the same date reported with different detail selection and wording."
"P0462","SP050-A","SP051-A","SPORT_050","SPORT_051","Sports","medium","same_entity_different_event","Halbrook City Wins Cup Final 2-1","Halbrook City lifted the domestic cup on Saturday after beating Denmoor Rangers 2-1, with the winning goal arriving in the 84th minute from a corner. It is the club's first cup success in nineteen years and its first trophy since promotion four seasons ago. Denmoor had equalised early in the second half through a deflected shot that wrong-footed the goalkeeper. Halbrook's captain, playing his final match before a move abroad, was named man of the match. The club said an open-top parade would take place on Monday afternoon.","Halbrook City Dismisses Manager After Poor Start","Halbrook City has removed head coach Petar Grbic following a run of one point from five league matches at the start of the season. The club said an interim appointment would be confirmed within days. Grbic had been in charge for two and a half years.","2027-05-22","2027-08-11","Halbrook, UK","Halbrook, UK","Halbrook City; Denmoor Rangers; cup final","Halbrook City; Petar Grbic; managerial dismissal","DIFFERENT_EVENT","Same club, but a cup final win and a managerial dismissal nearly three months later are separate events."
"P0463","SP050-C","SP050-D","SPORT_050","SPORT_050","Sports","medium","different_source","Nineteen Years of Waiting Ends for Halbrook Supporters","Thousands of Halbrook City supporters stayed in the stands long after the final whistle on Saturday as the squad brought the trophy to the touchline. The club had not won the competition since a side of largely local players took it in the late 2000s. Manager Petar Grbic said the group had earned the moment.","Denmoor Left to Reflect on Set-Piece Lapse","Denmoor Rangers will look hard at the corner that decided Saturday's final, delivered to the near post and met without a challenge. Having recovered from a goal down early in the second half, the side conceded with six minutes left. Denmoor's coach said the equaliser had left his players believing the game was there to be taken.","2027-05-22","2027-05-22","Halbrook, UK","Halbrook, UK","Halbrook City; supporters; Petar Grbic","Denmoor Rangers; set-piece; coach","SAME_EVENT","Two outlets covering the same final from opposite touchlines, one on the winners' celebrations and one on the losing side's decisive lapse."
"P0464","SP050-A","SP052-A","SPORT_050","SPORT_052","Sports","medium","same_entity_different_event","Halbrook City Wins Cup Final 2-1","Halbrook City lifted the domestic cup on Saturday after beating Denmoor Rangers 2-1, with the winning goal arriving in the 84th minute from a corner. It is the club's first cup success in nineteen years and its first trophy since promotion four seasons ago. Denmoor had equalised early in the second half through a deflected shot that wrong-footed the goalkeeper. Halbrook's captain, playing his final match before a move abroad, was named man of the match. The club said an open-top parade would take place on Monday afternoon.","Denmoor Rangers Sign Striker Tomas Ilves","Denmoor Rangers have signed forward Tomas Ilves on a four-year contract, the club's first arrival of the transfer window. Ilves scored eleven league goals last season for his previous club. Denmoor did not disclose the fee.","2027-05-22","2027-06-30","Halbrook, UK","Denmoor, UK","Halbrook City; Denmoor Rangers; cup final","Denmoor Rangers; Tomas Ilves; transfer","DIFFERENT_EVENT","Denmoor Rangers appear in both, but a cup final and a transfer signing five weeks later are unrelated events."
"P0465","SP053-A","SP053-B","SPORT_053","SPORT_053","Sports","medium","different_detail_level","Renard Breaks National 200m Butterfly Record","Ivy Renard set a national record of 2:04.11 in the 200m butterfly at the national championships in Adelaide on Saturday, taking half a second off a mark that had stood for six years.","Renard Takes National Butterfly Record by Half a Second","Ivy Renard lowered the national mark in the 200m butterfly to 2:04.11 at the Adelaide championships, taking just over half a second off a record that had stood for six years. Renard was fourth at the halfway point before moving through the field on the third length, a pattern her coach said had been rehearsed deliberately in training over the past four months. She said afterwards that the swim was faster than her coaching group had planned for this stage of the season, and that selection targets for the international meet remained the priority rather than times. The previous record holder, now retired, was in the stands. Renard also qualified for the 100m final later in the programme and indicated she would swim it rather than rest.","2027-04-03","2027-04-03","Adelaide, Australia","Adelaide, Australia","Ivy Renard; 200m butterfly; national record","Ivy Renard; national championships; 200m butterfly","SAME_EVENT","A one-line result and a full race report on the identical swim at the same meet."
"P0466","SP053-A","SP054-A","SPORT_053","SPORT_054","Sports","hard","same_person_different_event","Renard Breaks National 200m Butterfly Record","Ivy Renard set a national record of 2:04.11 in the 200m butterfly at the national championships in Adelaide on Saturday, taking half a second off a mark that had stood for six years.","Renard Withdraws From International Meet With Shoulder Injury","Ivy Renard has pulled out of next month's international championships after a shoulder problem that emerged during training, her federation said. Renard will begin a rehabilitation programme and is expected to return for the short-course season. A reserve swimmer takes her place in the butterfly events.","2027-04-03","2027-06-15","Adelaide, Australia","Brisbane, Australia","Ivy Renard; 200m butterfly; national record","Ivy Renard; shoulder injury; withdrawal","DIFFERENT_EVENT","Same athlete and same discipline, but a record-setting swim and a later injury withdrawal are distinct events ten weeks apart."
"P0467","SP055-A","SP055-B","SPORT_055","SPORT_055","Sports","medium","different_style","Ferraro Wins Monte Ardua Classic","Matteo Ferraro won the Monte Ardua one-day classic on Sunday, attacking on the final climb and finishing 34 seconds clear of the chasing group. It is his first win in the race. Rain fell over the closing eighty kilometres.","How Ferraro Judged the Ardua Finale","Ferraro's move on the last ascent at Monte Ardua looked impulsive and was anything but: the group behind had already burned its strongest riders on the preceding descent, and the gap was over thirty seconds by the summit. Wet roads through the final third of the race narrowed the options for anyone hoping to chase. It is a first victory here for a rider who has finished close before.","2027-04-18","2027-04-20","Monte Ardua, Italy","Monte Ardua, Italy","Matteo Ferraro; Monte Ardua classic","Matteo Ferraro; Monte Ardua; final climb","SAME_EVENT","Race report and a tactical analysis of the same one-day race, the analysis published two days after the finish."
"P0468","SP055-A","SP056-A","SPORT_055","SPORT_056","Sports","very_hard","same_entities_different_date","Ferraro Wins Monte Ardua Classic","Matteo Ferraro won the Monte Ardua one-day classic on Sunday, attacking on the final climb and finishing 34 seconds clear of the chasing group. It is his first win in the race. Rain fell over the closing eighty kilometres.","Ferraro Defends Monte Ardua Title in Solo Move","Matteo Ferraro took the Monte Ardua classic for a second consecutive year, going clear on the last climb and holding 41 seconds at the line. Conditions were dry throughout. Ferraro said the field had watched him more closely than in his first win here.","2027-04-18","2028-04-16","Monte Ardua, Italy","Monte Ardua, Italy","Matteo Ferraro; Monte Ardua classic","Matteo Ferraro; Monte Ardua classic; title defence","DIFFERENT_EVENT","Same rider, same race and almost the same winning move, but these are separate editions a year apart with different margins and weather."
"P0469","SP057-A","SP057-B","SPORT_057","SPORT_057","Sports","easy","paraphrase","Bekele Wins Coastline Marathon","Selam Bekele won the Coastline Marathon in 2:19:47 on Sunday, pulling away from a group of four at the 33-kilometre mark. It was her second marathon victory of the year. Conditions were cool with a light headwind on the return leg.","Bekele Breaks Clear Late to Take Coastline Title","A move just after 33 kilometres decided the Coastline Marathon for Selam Bekele, who crossed in 2:19:47 for her second win over the distance this year. Three rivals had been with her until that point, and none was able to respond when the pace dropped by roughly fifteen seconds a kilometre over the following stretch. Runners faced a headwind on the way back into the city under overcast skies, conditions organisers said were close to ideal for the front of the field. The men's race was won in 2:07:14. Entries this year exceeded 31,000, a record for the event.","2027-10-10","2027-10-10","Coastline City, USA","Coastline City, USA","Selam Bekele; Coastline Marathon","Selam Bekele; Coastline Marathon","SAME_EVENT","Same marathon result on the same day, with the same decisive moment described differently."
"P0470","SP057-A","SP058-A","SPORT_057","SPORT_058","Sports","hard","different_incident","Bekele Wins Coastline Marathon","Selam Bekele won the Coastline Marathon in 2:19:47 on Sunday, pulling away from a group of four at the 33-kilometre mark. It was her second marathon victory of the year. Conditions were cool with a light headwind on the return leg.","Okonjo Takes Hillside Marathon in Course Record","Grace Okonjo won the Hillside Marathon on Sunday in 2:21:02, a course record, after leading from the 20-kilometre mark. The race drew its largest field to date. Warm conditions slowed times through the second half for most of the field.","2027-10-10","2027-10-17","Coastline City, USA","Hillside, USA","Selam Bekele; Coastline Marathon","Grace Okonjo; Hillside Marathon; course record","DIFFERENT_EVENT","Two separate marathons a week apart in different cities with different winners, sharing only race vocabulary."
"P0471","SP059-A","SP059-B","SPORT_059","SPORT_059","Sports","medium","breaking_update","Ashfield Comets Clinch Playoff Berth","The Ashfield Comets secured a playoff place on Tuesday with a 96-88 win, their fourth in a row. It is the franchise's first postseason appearance in five seasons.","Comets Reach Postseason and Could Still Climb the Seedings","Tuesday's 96-88 victory put the Ashfield Comets into the playoffs for the first time since a rebuild began five years ago, and with three games remaining the club can still move up two seeding positions. The coaching staff said rotation minutes would not be reduced until the seed is settled, a decision that keeps starters on the floor in games with limited standings value. The win was the team's fourth consecutive and came without their second-leading scorer, who missed the game with an ankle problem described as day to day. Supporters remained in the arena for a lengthy ovation. Ownership said season ticket renewals had already risen sharply during the winning run, and that a playoff ticket lottery would open later in the week.","2027-03-09","2027-03-09","Ashfield, USA","Ashfield, USA","Ashfield Comets; playoff berth","Ashfield Comets; playoff qualification; seeding","SAME_EVENT","Result bulletin and a same-night follow-on report about the identical qualifying win."
"P0472","SP059-A","SP060-A","SPORT_059","SPORT_060","Sports","hard","follow_up","Ashfield Comets Clinch Playoff Berth","The Ashfield Comets secured a playoff place on Tuesday with a 96-88 win, their fourth in a row. It is the franchise's first postseason appearance in five seasons.","Comets Eliminated in First Round","The Ashfield Comets were knocked out of the playoffs on Friday, losing the deciding game of their first-round series by eleven points. The team's leading scorer was limited by foul trouble through the third quarter. Management said the coaching staff would return next season.","2027-03-09","2027-04-02","Ashfield, USA","Ashfield, USA","Ashfield Comets; playoff berth","Ashfield Comets; first-round elimination","DIFFERENT_EVENT","Same team and same season narrative, but qualification and elimination are separate games more than three weeks apart."
"P0473","SP061-A","SP061-B","SPORT_061","SPORT_061","Sports","hard","entity_normalization","Ekstrom Wins Melbourne Hard-Court Title","Nadia Ekstrom won the Melbourne hard-court tournament on Sunday, beating the defending champion 6-4, 3-6, 6-2 in just over two hours. It is her third title at this level. Ekstrom saved four break points in the closing set.","Fourth Seed Takes Melbourne Trophy in Three Sets","The fourth seed came through a three-set final in Melbourne on Sunday, recovering after dropping the middle set to the woman who won the event last year. She closed out the match with a run of games from 2-2 in the decider and fended off several break chances along the way. The title is her third on the main tour.","2027-01-30","2027-01-30","Melbourne, Australia","Melbourne, Australia","Nadia Ekstrom; Melbourne tournament; defending champion","fourth seed; Melbourne final; defending champion","SAME_EVENT","The same final on the same day, with the winner named in one article and referred to only by seeding in the other."
"P0474","SP061-A","SP062-A","SPORT_061","SPORT_062","Sports","medium","same_person_different_event","Ekstrom Wins Melbourne Hard-Court Title","Nadia Ekstrom won the Melbourne hard-court tournament on Sunday, beating the defending champion 6-4, 3-6, 6-2 in just over two hours. It is her third title at this level. Ekstrom saved four break points in the closing set.","Ekstrom Withdraws From Doha Event","Nadia Ekstrom has withdrawn from the Doha tournament, citing a wrist complaint that flared during practice. Organisers moved a lucky loser into the draw. Ekstrom's team said she expects to return for the clay swing.","2027-01-30","2027-02-16","Melbourne, Australia","Doha, Qatar","Nadia Ekstrom; Melbourne tournament","Nadia Ekstrom; Doha tournament; withdrawal","DIFFERENT_EVENT","Same player, but a title win and a withdrawal from a different tournament two weeks later are separate events."
"P0475","SP063-A","SP063-B","SPORT_063","SPORT_063","Sports","easy","different_source","National Squad Named for Autumn Series","The head coach named a 34-player squad for the autumn international series on Friday, including four uncapped forwards. Two senior backs were left out while recovering from injury. The group assembles for camp on Monday.","Four Uncapped Players in Autumn Group","Four players without a senior appearance were included when the autumn squad was announced on Friday, a selection the coach described as reflecting form rather than experiment. Injured backs were omitted with a view to later availability. Training begins at the start of next week.","2027-08-20","2027-08-20","Cardiff, UK","Cardiff, UK","national squad; head coach; autumn series","autumn squad; uncapped players; coach","SAME_EVENT","Same squad announcement on the same day, with different lead angles and no shared phrasing."
"P0476","SP063-A","SP064-A","SPORT_063","SPORT_064","Sports","easy","same_topic_different_event","National Squad Named for Autumn Series","The head coach named a 34-player squad for the autumn international series on Friday, including four uncapped forwards. Two senior backs were left out while recovering from injury. The group assembles for camp on Monday.","Council Approves Fenmore Arena Expansion","Planning permission for an 8,000-seat expansion of Fenmore Arena was granted on Thursday, allowing work to begin in the close season. The scheme adds a tier to the north stand and rebuilds the concourse. Construction is expected to take twenty months.","2027-08-20","2027-02-25","Cardiff, UK","Fenmore, UK","national squad; head coach; autumn series","Fenmore Arena; planning permission; expansion","DIFFERENT_EVENT","A squad selection and a stadium planning decision months apart share only the sports context."
"P0477","SP052-A","SP065-A","SPORT_052","SPORT_065","Sports","very_hard","same_entities_different_date","Denmoor Rangers Sign Striker Tomas Ilves","Denmoor Rangers have signed forward Tomas Ilves on a four-year contract, the club's first arrival of the transfer window. Ilves scored eleven league goals last season for his previous club. Denmoor did not disclose the fee.","Denmoor Rangers Add Goalkeeper on Four-Year Deal","Denmoor Rangers have completed the signing of goalkeeper Tomas Ilkka on a four-year contract, the club's first arrival of the winter window. Ilkka kept eleven clean sheets last season. The fee was not made public.","2027-06-30","2028-01-09","Denmoor, UK","Denmoor, UK","Denmoor Rangers; Tomas Ilves; transfer","Denmoor Rangers; Tomas Ilkka; transfer","DIFFERENT_EVENT","Nearly identical sentence patterns, similar player names and the same club and contract length, but two different signings in different transfer windows six months apart."
"P0478","SP053-A","SP066-A","SPORT_053","SPORT_066","Sports","hard","same_location_different_event","Renard Breaks National 200m Butterfly Record","Ivy Renard set a national record of 2:04.11 in the 200m butterfly at the national championships in Adelaide on Saturday, taking half a second off a mark that had stood for six years.","Ward Lowers National 400m Freestyle Mark in Adelaide","Callum Ward broke the national 400m freestyle record on Saturday at the Adelaide championships, finishing in 3:44.62. The previous mark had stood since 2021. Ward led from the second lap and was two body lengths clear at the finish.","2027-04-03","2027-04-03","Adelaide, Australia","Adelaide, Australia","Ivy Renard; 200m butterfly; national record","Callum Ward; 400m freestyle; national record","DIFFERENT_EVENT","Same meet, same venue and same day with near-identical record-breaking framing, but different swimmers in different events, which are separate results."
"P0479","SP064-A","SP064-B","SPORT_064","SPORT_064","Sports","easy","paraphrase","Council Approves Fenmore Arena Expansion","Planning permission for an 8,000-seat expansion of Fenmore Arena was granted on Thursday, allowing work to begin in the close season. The scheme adds a tier to the north stand and rebuilds the concourse. Construction is expected to take twenty months.","Fenmore Arena Cleared to Add 8,000 Seats","Planners approved a scheme to enlarge Fenmore Arena on Thursday, clearing the way for construction once the season ends. The design places an additional tier over the north stand and reworks the concourse, with the programme running for about twenty months.","2027-02-25","2027-02-25","Fenmore, UK","Fenmore, UK","Fenmore Arena; planning permission; expansion","Fenmore Arena; planners; north stand","SAME_EVENT","Same planning approval on the same date described in different words."
"P0480","SP057-A","SP068-A","SPORT_057","SPORT_068","Sports","hard","same_entities_different_date","Bekele Wins Coastline Marathon","Selam Bekele won the Coastline Marathon in 2:19:47 on Sunday, pulling away from a group of four at the 33-kilometre mark. It was her second marathon victory of the year. Conditions were cool with a light headwind on the return leg.","Bekele Returns to Win Coastline Marathon Again","Selam Bekele won the Coastline Marathon for a second successive year on Sunday, clocking 2:20:33 after a slower opening half. She moved to the front shortly before 30 kilometres and was never seriously challenged. Warmer conditions than last year kept the field closer through the early miles.","2027-10-10","2028-10-08","Coastline City, USA","Coastline City, USA","Selam Bekele; Coastline Marathon","Selam Bekele; Coastline Marathon","DIFFERENT_EVENT","Same runner winning the same race in the same city, but the two editions are a year apart with different times and race dynamics."
"P0481","SC050-A","SC050-B","SCI_050","SCI_050","Science","easy","paraphrase","Astronomers Image Gaps in Disk Around Young Star Beklen 4","Astronomers using an array in northern Chile have published an image showing two clear gaps in the dust disk surrounding the young star Beklen 4, a pattern the team says is consistent with forming planets. The observation covers a region roughly comparable in scale to the outer solar system. Results appeared in a peer-reviewed journal on Monday.","Dust Rings Around Beklen 4 Point to Planet Formation","A new image of the disk encircling Beklen 4 reveals concentric gaps that researchers interpret as tracks cleared by growing planets. The observation, made with a radio array in Chile's north, resolves structure at scales similar to the outer reaches of our own system. The team's paper was published Monday.","2026-10-19","2026-10-19","Atacama, Chile","Atacama, Chile","Beklen 4; dust disk; radio array","Beklen 4; disk gaps; Chilean array","SAME_EVENT","Same published observation of the same star system on the same date, described with different vocabulary."
"P0482","SC050-A","SC051-A","SCI_050","SCI_051","Science","very_hard","same_entities_different_date","Astronomers Image Gaps in Disk Around Young Star Beklen 4","Astronomers using an array in northern Chile have published an image showing two clear gaps in the dust disk surrounding the young star Beklen 4, a pattern the team says is consistent with forming planets. The observation covers a region roughly comparable in scale to the outer solar system. Results appeared in a peer-reviewed journal on Monday.","Same Group Resolves Disk Structure Around Beklen 9","The team behind last year's disk image has published a comparable observation of Beklen 9, resolving a single wide gap in the surrounding dust. Researchers said the structure is broader than the features seen in the earlier target and may indicate a more massive body. The work used the same northern Chilean array and appeared Friday.","2026-10-19","2027-03-05","Atacama, Chile","Atacama, Chile","Beklen 4; dust disk; radio array","Beklen 9; disk gap; radio array","DIFFERENT_EVENT","Same research group, instrument and phrasing, but two separate published observations of different star systems five months apart."
"P0483","SC052-A","SC052-B","SCI_052","SCI_052","Science","medium","different_source","Fossil Amphibian Named From Greenland Sandstone","Researchers have described a new early amphibian, Karnothys borealis, from a partial skeleton recovered in eastern Greenland. The specimen preserves limb girdles that the authors say clarify how weight was transferred to the forelimbs in animals of this period, a question that has depended on fragmentary material for decades. The description was published this week following three years of preparation, during which the surrounding sandstone was removed mechanically rather than with acid to avoid damaging the bone surfaces. The team estimates the animal was about 70 centimetres long.","Greenland Find Fills Gap in Early Limb Evolution","A partial skeleton from eastern Greenland has been assigned to a previously unknown species and is being read as evidence for how early four-limbed animals bore weight on land. The authors focused on the shoulder and hip structures, which are unusually complete. The specimen was recovered during fieldwork three seasons ago.","2026-12-02","2026-12-02","Eastern Greenland","Eastern Greenland","Karnothys borealis; Greenland fossil; amphibian","Greenland skeleton; limb evolution; fieldwork","SAME_EVENT","Same fossil description published in the same week, one article naming the species and the other framing the significance."
"P0484","SC052-A","SC053-A","SCI_052","SCI_053","Science","hard","different_incident","Fossil Amphibian Named From Greenland Sandstone","Researchers have described a new early amphibian, Karnothys borealis, from a partial skeleton recovered in eastern Greenland. The specimen preserves limb girdles that the authors say clarify how weight was transferred to the forelimbs in animals of this period, a question that has depended on fragmentary material for decades. The description was published this week following three years of preparation, during which the surrounding sandstone was removed mechanically rather than with acid to avoid damaging the bone surfaces. The team estimates the animal was about 70 centimetres long.","Winged Reptile Described From Patagonian Quarry","A team working in southern Argentina has described a small flying reptile from a nearly complete specimen preserved in fine-grained rock. The animal had a wingspan of about 1.2 metres and skull features the authors say separate it from related forms. The paper appeared this month.","2026-12-02","2027-01-15","Eastern Greenland","Patagonia, Argentina","Karnothys borealis; Greenland fossil; amphibian","flying reptile; Patagonian quarry; fossil description","DIFFERENT_EVENT","Two unrelated fossil descriptions by different teams on different continents six weeks apart."
"P0485","SC054-A","SC054-B","SCI_054","SCI_054","Science","medium","different_detail_level","Kyoto Lab Grows Functional Thymus Tissue","Researchers in Kyoto reported growing thymus tissue in culture that produced mature immune cells, describing the work as a step toward eventual transplantation. No animal experiments had been carried out at the time of publication.","Cultured Thymus Tissue Produces Immune Cells in Kyoto Study","A laboratory in Kyoto has grown thymus tissue from stem cells that goes on to generate mature T cells in culture, a step researchers describe as necessary before any attempt at transplantation. The organoids were maintained for eleven weeks and produced cells with diverse receptors, though at lower numbers than tissue in the body. The authors stressed that no animal work has been carried out yet and that scale remains the principal obstacle.","2027-02-11","2027-02-11","Kyoto, Japan","Kyoto, Japan","Kyoto laboratory; thymus tissue; immune cells","Kyoto laboratory; thymus organoids; T cells","SAME_EVENT","A one-line summary and a detailed account of the identical published study from the same lab on the same day."
"P0486","SC054-A","SC055-A","SCI_054","SCI_055","Science","hard","follow_up","Kyoto Lab Grows Functional Thymus Tissue","Researchers in Kyoto reported growing thymus tissue in culture that produced mature immune cells, describing the work as a step toward eventual transplantation. No animal experiments had been carried out at the time of publication.","Kyoto Group Reports Thymus Grafts Restore Immunity in Mice","The Kyoto team that cultured thymus tissue has now transplanted the organoids into mice lacking a functioning thymus, reporting partial recovery of immune responses over four months. The authors said graft survival varied widely between animals. Human application remains distant, they wrote.","2027-02-11","2027-08-19","Kyoto, Japan","Kyoto, Japan","Kyoto laboratory; thymus tissue; immune cells","Kyoto team; thymus grafts; mouse study","DIFFERENT_EVENT","The animal study builds on the earlier work but is a separate publication six months later with new experiments and findings."
"P0487","SC056-A","SC056-B","SCI_056","SCI_056","Science","hard","entity_normalization","Talvik Institute Reports Error-Corrected Logical Qubit","Physicists at the Talvik Institute have operated a logical qubit that stayed coherent longer than the physical qubits composing it, a threshold long treated as a marker of progress in error correction. The group used 49 physical qubits in a surface-code arrangement. The result was posted alongside a preprint.","Dutch Group Crosses Error-Correction Threshold","A research team in Delft has reported that an encoded qubit outlived the individual components used to build it, a milestone in the effort to make quantum computation reliable. The demonstration used several dozen physical elements arranged in a two-dimensional correction scheme. Details were released with a preprint.","2026-11-21","2026-11-21","Delft, Netherlands","Delft, Netherlands","Talvik Institute; logical qubit; surface code","Delft research team; encoded qubit; error correction","SAME_EVENT","The same demonstration announced on the same day, with the institute named in one article and identified only by city in the other."
"P0488","SC056-A","SC057-A","SCI_056","SCI_057","Science","hard","same_topic_different_event","Talvik Institute Reports Error-Corrected Logical Qubit","Physicists at the Talvik Institute have operated a logical qubit that stayed coherent longer than the physical qubits composing it, a threshold long treated as a marker of progress in error correction. The group used 49 physical qubits in a surface-code arrangement. The result was posted alongside a preprint.","Rival Team Extends Logical Qubit Lifetime Using Trapped Ions","A group working with trapped ions has reported a logical qubit lifetime roughly three times that of its constituent physical qubits, using a different encoding from the superconducting approach. The researchers said the platform trades speed for stability. Their preprint was posted this week.","2026-11-21","2027-01-08","Delft, Netherlands","Innsbruck, Austria","Talvik Institute; logical qubit; surface code","trapped-ion group; logical qubit lifetime; encoding","DIFFERENT_EVENT","Both report error-correction milestones in similar language, but they come from different groups using different hardware seven weeks apart."
"P0489","SC058-A","SC058-B","SCI_058","SCI_058","Science","medium","different_style","Subglacial Lake Sample Yields Microbial DNA","A drilling team in Antarctica has recovered water from a lake beneath 1,100 metres of ice and identified genetic material from several bacterial groups, the project said. Samples were kept sealed until analysis in a clean facility. The lake has been isolated for an estimated 90,000 years.","What Lives Under a Kilometre of Antarctic Ice","The answer, according to a drilling project that reached a sealed lake this month, is more than expected: DNA from several distinct bacterial lineages turned up in water untouched by the surface for tens of thousands of years. Contamination is the obvious worry, and the team handled it by keeping the samples closed until they reached a clean room, running blanks through the same drilling fluid at every stage. What the organisms live on remains open. The leading suggestion is chemical energy from rock weathering rather than anything derived from sunlight, which would make the lake a useful analogue for environments under ice elsewhere in the solar system. The project has published its sequences openly, an approach that lets other groups check for signatures matching known laboratory contaminants.","2027-01-25","2027-01-29","Antarctica","Antarctica","subglacial lake; drilling team; microbial DNA","subglacial lake; bacterial lineages; clean room","SAME_EVENT","Straight report and a feature treatment of the identical sampling result, the feature appearing later in the same week."
"P0490","SC058-A","SC050-A","SCI_058","SCI_050","Science","easy","same_topic_different_event","Subglacial Lake Sample Yields Microbial DNA","A drilling team in Antarctica has recovered water from a lake beneath 1,100 metres of ice and identified genetic material from several bacterial groups, the project said. Samples were kept sealed until analysis in a clean facility. The lake has been isolated for an estimated 90,000 years.","Astronomers Image Gaps in Disk Around Young Star Beklen 4","Astronomers using an array in northern Chile have published an image showing two clear gaps in the dust disk surrounding the young star Beklen 4, a pattern the team says is consistent with forming planets. The observation covers a region roughly comparable in scale to the outer solar system. Results appeared in a peer-reviewed journal on Monday.","2027-01-25","2026-10-19","Antarctica","Atacama, Chile","subglacial lake; drilling team; microbial DNA","Beklen 4; dust disk; radio array","DIFFERENT_EVENT","Unrelated research results in different fields, locations and months, connected only by both being science publications."
"P0491","SC059-A","SC059-B","SCI_059","SCI_059","Science","medium","breaking_update","Sable-2 Lander Touches Down on the Moon","The Sable-2 spacecraft landed in the lunar southern highlands on Saturday, mission controllers confirmed, with signal reacquired minutes after touchdown. The condition of the lander was not immediately known.","Sable-2 Sends First Images From Lunar Surface","Controllers said Sable-2 was upright and drawing power from its solar panels after Saturday's landing, releasing images taken from the deck showing a shallow slope and scattered rock. Instruments were being switched on in sequence. The team said the touchdown point was about 300 metres from the target.","2027-06-12","2027-06-12","Lunar southern highlands","Lunar southern highlands","Sable-2; lunar landing; mission controllers","Sable-2; lunar surface images; solar panels","SAME_EVENT","Initial landing confirmation and a same-day update with images and status for the identical touchdown."
"P0492","SC059-A","SC060-A","SCI_059","SCI_060","Science","hard","follow_up","Sable-2 Lander Touches Down on the Moon","The Sable-2 spacecraft landed in the lunar southern highlands on Saturday, mission controllers confirmed, with signal reacquired minutes after touchdown. The condition of the lander was not immediately known.","Sable-2 Falls Silent After Lunar Night","Controllers have been unable to re-establish contact with the Sable-2 lander since temperatures fell during the lunar night, and the mission is being treated as concluded. The spacecraft was not designed with heaters for the cold period. Its instruments returned data for two weeks after landing.","2027-06-12","2027-06-26","Lunar southern highlands","Lunar southern highlands","Sable-2; lunar landing; mission controllers","Sable-2; loss of contact; mission end","DIFFERENT_EVENT","Same spacecraft, but the landing and the end of the mission a fortnight later are distinct events."
"P0493","SC061-A","SC061-B","SCI_061","SCI_061","Science","medium","different_source","Ostrand Team Claims Superconductivity at 240 Kelvin","Researchers at Ostrand University have reported zero resistance in a hydride sample at 240 kelvin under high pressure, a temperature well above previous claims for the material class. The group published resistivity and magnetic susceptibility measurements. Other laboratories have been sent sample preparation details.","High-Temperature Superconductivity Claim Draws Cautious Response","A claim of superconductivity at 240 kelvin has been posted by a university group working with hydrides under extreme pressure, prompting immediate interest and equally immediate caution from specialists. The paper includes both resistance and magnetic measurements, which reviewers regard as the minimum standard for claims of this kind after several disputed results in recent years. The authors have circulated their synthesis protocol to other laboratories, an unusual step that several commentators described as the right one. Pressure cells of the type used are available at perhaps a dozen laboratories worldwide, which limits how quickly independent checks can be completed.","2027-04-02","2027-04-02","Ostrand, Sweden","Ostrand, Sweden","Ostrand University; hydride superconductor; 240 kelvin","university group; superconductivity claim; hydrides","SAME_EVENT","Same publication and claim on the same day, one article reporting the result and the other the reception, without shared sentences."
"P0494","SC061-A","SC062-A","SCI_061","SCI_062","Science","very_hard","follow_up","Ostrand Team Claims Superconductivity at 240 Kelvin","Researchers at Ostrand University have reported zero resistance in a hydride sample at 240 kelvin under high pressure, a temperature well above previous claims for the material class. The group published resistivity and magnetic susceptibility measurements. Other laboratories have been sent sample preparation details.","Two Laboratories Fail to Reproduce Ostrand Superconductivity Result","Groups in Japan and the United States report that samples prepared according to the Ostrand protocol showed no sign of zero resistance at the stated temperature and pressure. Both note that the synthesis is difficult and that failure to reproduce does not by itself settle the question. The original authors said they were reviewing the replication conditions.","2027-04-02","2027-07-14","Ostrand, Sweden","Tsukuba, Japan","Ostrand University; hydride superconductor; 240 kelvin","replication groups; Ostrand protocol; failed reproduction","DIFFERENT_EVENT","The replication attempt concerns the same claim and repeats much of its vocabulary, but it is separate work by different laboratories reported three months later."
"P0495","SC063-A","SC063-B","SCI_063","SCI_063","Science","easy","paraphrase","Dark Matter Detector Reports No Signal After Three-Year Run","The Verdant Deep experiment has published results from three years of operation without detecting the interactions it was built to find, tightening limits on how strongly candidate particles could interact with ordinary matter. The detector sits under a mountain in northern Italy. A larger successor is under construction.","Underground Experiment Comes Up Empty, Narrowing the Search","Three years of data from the Verdant Deep detector contain no candidate events, a null result that pushes the allowed interaction strength for dark matter particles lower still. The instrument operates beneath rock in northern Italy to shield it from cosmic rays. Work has begun on a larger version.","2027-05-20","2027-05-20","Northern Italy","Northern Italy","Verdant Deep; dark matter detector; null result","Verdant Deep; underground detector; null result","SAME_EVENT","Same published null result from the same experiment on the same day, differently worded."
"P0496","SC063-A","SC057-A","SCI_063","SCI_057","Science","easy","same_topic_different_event","Dark Matter Detector Reports No Signal After Three-Year Run","The Verdant Deep experiment has published results from three years of operation without detecting the interactions it was built to find, tightening limits on how strongly candidate particles could interact with ordinary matter. The detector sits under a mountain in northern Italy. A larger successor is under construction.","Rival Team Extends Logical Qubit Lifetime Using Trapped Ions","A group working with trapped ions has reported a logical qubit lifetime roughly three times that of its constituent physical qubits, using a different encoding from the superconducting approach. The researchers said the platform trades speed for stability. Their preprint was posted this week.","2027-05-20","2027-01-08","Northern Italy","Innsbruck, Austria","Verdant Deep; dark matter detector; null result","trapped-ion group; logical qubit lifetime","DIFFERENT_EVENT","Both are physics results but concern entirely different questions, instruments, teams and dates."
"P0497","SC055-A","SC064-A","SCI_055","SCI_064","Science","medium","different_incident","Kyoto Group Reports Thymus Grafts Restore Immunity in Mice","The Kyoto team that cultured thymus tissue has now transplanted the organoids into mice lacking a functioning thymus, reporting partial recovery of immune responses over four months. The authors said graft survival varied widely between animals. Human application remains distant, they wrote.","Toronto Lab Reports Kidney Organoid Transplants in Rats","A laboratory in Toronto has transplanted kidney organoids into rats and reported filtration activity persisting for eight weeks. The authors described vascular connection as the limiting factor and said scaling remains unproven. The study appeared in a specialist journal.","2027-08-19","2027-09-30","Kyoto, Japan","Toronto, Canada","Kyoto team; thymus grafts; mouse study","Toronto laboratory; kidney organoids; rat study","DIFFERENT_EVENT","Different laboratories, organs, animal models and dates, sharing only the organoid transplantation framing."
"P0498","SC060-A","SC065-A","SCI_060","SCI_065","Science","medium","different_incident","Sable-2 Falls Silent After Lunar Night","Controllers have been unable to re-establish contact with the Sable-2 lander since temperatures fell during the lunar night, and the mission is being treated as concluded. The spacecraft was not designed with heaters for the cold period. Its instruments returned data for two weeks after landing.","Weather Satellite Retired After Fourteen Years in Orbit","Operators have decommissioned the Tessera-3 weather satellite, moving it to a disposal orbit after fourteen years of service and the failure of a second reaction wheel. Its imaging duties were transferred to a newer spacecraft last year. The agency said data continuity was maintained throughout.","2027-06-26","2027-08-04","Lunar southern highlands","Darmstadt, Germany","Sable-2; loss of contact; mission end","Tessera-3; satellite decommissioning; disposal orbit","DIFFERENT_EVENT","Two unrelated spacecraft ending service for different reasons weeks apart, with no shared mission or operator."
"P0499","SC053-A","SC066-A","SCI_053","SCI_066","Science","medium","same_location_different_event","Winged Reptile Described From Patagonian Quarry","A team working in southern Argentina has described a small flying reptile from a nearly complete specimen preserved in fine-grained rock. The animal had a wingspan of about 1.2 metres and skull features the authors say separate it from related forms. The paper appeared this month.","Sauropod Trackway Mapped at Same Patagonian Site","Palaeontologists have mapped a 40-metre trackway left by a large long-necked dinosaur at the Patagonian quarry where several skeletal specimens have been recovered. Spacing between prints suggests a slow walking pace. The mapping was published as a short report.","2027-01-15","2027-04-28","Patagonia, Argentina","Patagonia, Argentina","flying reptile; Patagonian quarry; fossil description","sauropod trackway; Patagonian quarry; palaeontologists","DIFFERENT_EVENT","Same excavation site but different specimens, different findings and publications three months apart."
"P0500","SC058-A","SC067-A","SCI_058","SCI_067","Science","hard","same_entities_different_date","Subglacial Lake Sample Yields Microbial DNA","A drilling team in Antarctica has recovered water from a lake beneath 1,100 metres of ice and identified genetic material from several bacterial groups, the project said. Samples were kept sealed until analysis in a clean facility. The lake has been isolated for an estimated 90,000 years.","Second Subglacial Lake Sampled in Following Season","The Antarctic drilling project has reached a second sealed lake, roughly 60 kilometres from the first, recovering water from beneath 940 metres of ice. Early analysis again found bacterial genetic material, with a different dominant group from the earlier site. Samples were handled under the same sealed protocol.","2027-01-25","2028-01-11","Antarctica","Antarctica","subglacial lake; drilling team; microbial DNA","second subglacial lake; drilling project; bacterial DNA","DIFFERENT_EVENT","Same project, method and phrasing, but two separate drilling campaigns at different lakes a year apart."
"P0501","W050-A","W050-B","WORLD_050","WORLD_050","World","easy","paraphrase","Ravensmark and Oltavia Sign Border Demarcation Accord","Representatives of Ravensmark and Oltavia signed an accord in Geneva on Thursday fixing the line of their 340-kilometre land border, ending a dispute that has produced periodic patrol confrontations for two decades. Survey teams from both sides will place markers over the next eighteen months. Mediators from three states witnessed the signing.","Two Neighbours Settle Long-Running Border Line","A document setting the exact course of the border between Ravensmark and Oltavia was signed in Geneva, closing a disagreement that has flared repeatedly since the 2000s. Under the text, joint survey crews will install physical markers along the 340-kilometre boundary within a year and a half. Three mediating governments attended.","2027-02-18","2027-02-18","Geneva, Switzerland","Geneva, Switzerland","Ravensmark; Oltavia; border accord; mediators","Ravensmark; Oltavia; boundary agreement","SAME_EVENT","Same signing ceremony for the same agreement on the same date, described in different terms."
"P0502","W050-A","W051-A","WORLD_050","WORLD_051","World","hard","same_entity_different_event","Ravensmark and Oltavia Sign Border Demarcation Accord","Representatives of Ravensmark and Oltavia signed an accord in Geneva on Thursday fixing the line of their 340-kilometre land border, ending a dispute that has produced periodic patrol confrontations for two decades. Survey teams from both sides will place markers over the next eighteen months. Mediators from three states witnessed the signing.","Ravensmark and Oltavia Open Talks on River Water Sharing","Delegations from Ravensmark and Oltavia began negotiations in Geneva on the allocation of water from the Sarn river, which rises in one country and supplies irrigation in both. Officials described the first session as preliminary and said no framework text exists yet. Farming associations from both sides submitted written positions.","2027-02-18","2027-06-09","Geneva, Switzerland","Geneva, Switzerland","Ravensmark; Oltavia; border accord","Ravensmark; Oltavia; water sharing talks; Sarn river","DIFFERENT_EVENT","Same two states negotiating in the same city, but a concluded border agreement and the opening of separate water talks four months later are different events."
"P0503","W052-A","W052-B","WORLD_052","WORLD_052","World","medium","breaking_update","Magnitude 6.4 Earthquake Strikes Talarang Province","A magnitude 6.4 earthquake struck Talarang province early Saturday at a depth of 22 kilometres, the national seismological agency said. Power was reported out in several districts and communications with coastal villages were intermittent.","Talarang Quake Damage Concentrated in Two Districts","Assessment teams reported later Saturday that damage from the morning earthquake in Talarang province was heaviest in Belu and Marun districts, where older masonry buildings collapsed. Provincial officials confirmed 47 injuries and said search operations continued at three sites, including a market hall where part of a roof gave way. Electricity had been restored to about half of affected households by evening, and mobile coverage returned to most coastal villages after generators were delivered to two exchange sites. Schools across the province will remain closed on Monday while engineers inspect buildings. The provincial governor asked residents to avoid damaged structures during aftershocks, several of which were felt through the afternoon. Relief supplies were being moved by road from the regional capital.","2026-12-19","2026-12-19","Talarang province","Talarang province","Talarang province; earthquake; seismological agency","Talarang province; Belu district; Marun district; damage assessment","SAME_EVENT","Initial seismic report and a same-day damage update on the identical earthquake."
"P0504","W052-A","W053-A","WORLD_052","WORLD_053","World","hard","different_incident","Magnitude 6.4 Earthquake Strikes Talarang Province","A magnitude 6.4 earthquake struck Talarang province early Saturday at a depth of 22 kilometres, the national seismological agency said. Power was reported out in several districts and communications with coastal villages were intermittent.","Magnitude 5.9 Quake Hits Neighbouring Sendara Region","A magnitude 5.9 earthquake shook the Sendara region on Wednesday, damaging a school building and a market hall, officials said. No deaths were reported. The seismological agency said the event occurred on a different fault system from the December earthquake to the south.","2026-12-19","2027-01-06","Talarang province","Sendara region","Talarang province; earthquake; seismological agency","Sendara region; earthquake; seismological agency","DIFFERENT_EVENT","Two separate earthquakes in neighbouring regions eighteen days apart on different fault systems, with different magnitudes and impacts."
"P0505","W054-A","W054-B","WORLD_054","WORLD_054","World","medium","different_source","Cyclone Nerissa Makes Landfall on Kalaya Coast","Cyclone Nerissa came ashore near Kalaya early Monday with sustained winds of 155 kilometres per hour, according to the meteorological department. More than 200,000 people had been moved to shelters in the preceding two days, an operation officials said was helped by the storm's slow approach. Ports along the coast were closed and fishing fleets were ordered to remain in harbour from Saturday. Power distribution companies reported outages across four districts within hours of landfall. The department said the system was expected to weaken as it moved inland but warned that rainfall totals could exceed 300 millimetres in hill areas.","Coastal Districts Brace as Nerissa Comes Ashore","The storm known as Nerissa crossed the coastline close to Kalaya in the early hours of Monday, bringing winds the weather service put at around 155 kilometres per hour and heavy rain inland. Evacuations carried out over the weekend moved several hundred thousand residents away from low-lying areas. Shipping was suspended at three ports.","2027-05-03","2027-05-03","Kalaya coast","Kalaya coast","Cyclone Nerissa; Kalaya; meteorological department","Nerissa; Kalaya coastline; weather service","SAME_EVENT","Two accounts of the same cyclone landfall at the same location and hour, with different sourcing and phrasing."
"P0506","W054-A","W055-A","WORLD_054","WORLD_055","World","very_hard","different_incident","Cyclone Nerissa Makes Landfall on Kalaya Coast","Cyclone Nerissa came ashore near Kalaya early Monday with sustained winds of 155 kilometres per hour, according to the meteorological department. More than 200,000 people had been moved to shelters in the preceding two days, an operation officials said was helped by the storm's slow approach. Ports along the coast were closed and fishing fleets were ordered to remain in harbour from Saturday. Power distribution companies reported outages across four districts within hours of landfall. The department said the system was expected to weaken as it moved inland but warned that rainfall totals could exceed 300 millimetres in hill areas.","Cyclone Orwen Crosses Coast South of Kalaya","Cyclone Orwen made landfall about 90 kilometres south of Kalaya on Friday with sustained winds near 140 kilometres per hour, the meteorological department said. Around 180,000 residents had been evacuated from coastal districts. Port operations were halted along the same stretch of coastline.","2027-05-03","2027-06-11","Kalaya coast","South of Kalaya","Cyclone Nerissa; Kalaya; meteorological department; evacuations","Cyclone Orwen; Kalaya coast; meteorological department; evacuations","DIFFERENT_EVENT","Two distinct cyclones striking nearly the same coastline five weeks apart, with almost identical reporting structure, evacuation figures and named agencies."
"P0507","W056-A","W056-B","WORLD_056","WORLD_056","World","hard","entity_normalization","Council of Nations Extends Hallavik Peacekeeping Mandate","The Council of Nations voted on Friday to extend the peacekeeping mandate in Hallavik for a further twelve months, with two members abstaining. The resolution keeps troop levels unchanged and adds a reporting requirement on civilian protection. The mission has operated in the country since 2021.","World Body Renews Hallavik Mission for Another Year","The international organisation's security council has renewed the Hallavik deployment for twelve months, adopting a text that leaves force numbers as they are while requiring more frequent reporting on the protection of civilians. Two members did not vote in favour. The mission dates to 2021.","2026-11-27","2026-11-27","Council headquarters","Council headquarters","Council of Nations; Hallavik peacekeeping mandate","international organisation; security council; Hallavik mission","SAME_EVENT","Same mandate renewal vote on the same day, with the organisation named formally in one article and described generically in the other."
"P0508","W056-A","W057-A","WORLD_056","WORLD_057","World","hard","same_topic_different_event","Council of Nations Extends Hallavik Peacekeeping Mandate","The Council of Nations voted on Friday to extend the peacekeeping mandate in Hallavik for a further twelve months, with two members abstaining. The resolution keeps troop levels unchanged and adds a reporting requirement on civilian protection. The mission has operated in the country since 2021.","Council Votes to Ease Sanctions on Oltavia","The Council of Nations agreed to lift restrictions on machinery exports to Oltavia, keeping in place measures covering military goods. Three members abstained, saying the review had been rushed. The decision follows a compliance report submitted in the spring.","2026-11-27","2027-03-16","Council headquarters","Council headquarters","Council of Nations; Hallavik peacekeeping mandate","Council of Nations; Oltavia; sanctions relief","DIFFERENT_EVENT","Same body voting in the same chamber, but on unrelated questions concerning different countries nearly four months apart."
"P0509","W058-A","W058-B","WORLD_058","WORLD_058","World","easy","different_detail_level","Ravensmark Reopens Embassy in Sarnia","Ravensmark reopened its embassy in Sarnia on Wednesday, seven years after withdrawing its diplomatic staff. A chargé d'affaires will lead the post until an ambassador is confirmed.","Embassy Reopening Marks Step in Ravensmark-Sarnia Relations","A Ravensmark flag was raised over the embassy compound in Sarnia on Wednesday as the mission resumed operations after a seven-year closure. A chargé d'affaires will lead the post until an ambassador is confirmed, and consular services are expected to restart within a month. Both foreign ministries described the reopening as the outcome of talks held over the past two years, though several trade restrictions remain in force.","2027-04-21","2027-04-21","Sarnia","Sarnia","Ravensmark; Sarnia; embassy reopening","Ravensmark; Sarnia; embassy; chargé d'affaires","SAME_EVENT","A short item and a fuller report on the identical embassy reopening on the same day."
"P0510","W059-A","W059-B","WORLD_059","WORLD_059","World","medium","breaking_update","Ferry Capsizes Off Tanjung Coast","A passenger ferry carrying about 140 people capsized off the Tanjung coast on Thursday morning, maritime authorities said. Fishing boats in the area joined the initial response.","Rescuers Pull Dozens From Water After Tanjung Ferry Capsize","Ninety-four people had been brought ashore by Thursday afternoon following the capsizing of a ferry off Tanjung, the coastguard said, with search efforts continuing for those still unaccounted for. Survivors described the vessel listing sharply before turning over in heavy swell, with several saying the movement happened over the course of a few minutes and left little time to reach the upper deck. The operator said the ferry had passed inspection in February and was carrying fewer passengers than its licensed capacity. Fishing boats working nearby reached the scene before official vessels and are credited with the first two dozen rescues, according to the harbourmaster, who said local crews had responded to distress calls on marine radio within minutes. Three helicopters were operating over the site by midday, alternating between the immediate area and a drift zone calculated from tide and wind. Medical teams were treating survivors for hypothermia and inhalation of fuel-contaminated water at a clinic near the port, with more serious cases transferred to the regional hospital. The transport ministry said it was gathering the vessel's loading documentation. Relatives gathered at the ferry terminal through the afternoon, where officials posted lists of those accounted for and asked families to provide details of passengers who may have travelled without booking. The route carries around 900 passengers a day in the dry season. Officials said the vessel had been fitted with additional life rafts after a review two years ago, and that most survivors were recovered wearing life jackets. The coastguard asked vessels transiting the strait to maintain a lookout through the night. A spokesperson for the operator declined to answer questions about loading procedures, saying the company would cooperate fully with the ministry inquiry and would not comment while it is under way.","2027-07-02","2027-07-02","Tanjung coast","Tanjung coast","Tanjung ferry; capsizing; maritime authorities","Tanjung ferry; coastguard; survivors; operator","SAME_EVENT","Breaking report and same-day update on the identical ferry capsizing and rescue effort."
"P0511","W059-B","W060-A","WORLD_059","WORLD_059","World","hard","follow_up","Rescuers Pull Dozens From Water After Tanjung Ferry Capsize","Ninety-four people had been brought ashore by Thursday afternoon following the capsizing of a ferry off Tanjung, the coastguard said, with search efforts continuing for those still unaccounted for. Survivors described the vessel listing sharply before turning over in heavy swell, with several saying the movement happened over the course of a few minutes and left little time to reach the upper deck. The operator said the ferry had passed inspection in February and was carrying fewer passengers than its licensed capacity. Fishing boats working nearby reached the scene before official vessels and are credited with the first two dozen rescues, according to the harbourmaster, who said local crews had responded to distress calls on marine radio within minutes. Three helicopters were operating over the site by midday, alternating between the immediate area and a drift zone calculated from tide and wind. Medical teams were treating survivors for hypothermia and inhalation of fuel-contaminated water at a clinic near the port, with more serious cases transferred to the regional hospital. The transport ministry said it was gathering the vessel's loading documentation. Relatives gathered at the ferry terminal through the afternoon, where officials posted lists of those accounted for and asked families to provide details of passengers who may have travelled without booking. The route carries around 900 passengers a day in the dry season. Officials said the vessel had been fitted with additional life rafts after a review two years ago, and that most survivors were recovered wearing life jackets. The coastguard asked vessels transiting the strait to maintain a lookout through the night. A spokesperson for the operator declined to answer questions about loading procedures, saying the company would cooperate fully with the ministry inquiry and would not comment while it is under way.","Search Suspended as Tanjung Ferry Toll Reaches 118 Recovered","The coastguard suspended surface searches off Tanjung on Friday evening after recovering 118 people alive and confirming eleven deaths, with a small number still missing from the ferry that overturned the previous morning. Divers will continue working around the hull, which is resting partly submerged about two kilometres from the point where the vessel lost stability. The transport ministry has opened an inquiry into loading practices, and said it would examine whether cargo secured on the upper deck exceeded declared weights. Survivors have described the vessel taking on a list in heavy swell before turning over within minutes. The operator suspended sailings on the route pending the inquiry. Families were being accommodated at a school building near the port, where officials set up an identification point on Friday morning.","2027-07-02","2027-07-03","Tanjung coast","Tanjung coast","Tanjung ferry; coastguard; survivors","Tanjung ferry; coastguard; search suspension; transport ministry","SAME_EVENT","Both articles cover the same maritime incident as it develops over two days, with the second reporting the conclusion of the same search operation rather than a new occurrence."
"P0512","W059-A","W069-A","WORLD_059","WORLD_069","World","medium","different_incident","Ferry Capsizes Off Tanjung Coast","A passenger ferry carrying about 140 people capsized off the Tanjung coast on Thursday morning, maritime authorities said. Fishing boats in the area joined the initial response.","Ferry Runs Aground on Sandbank Near Belamar","A ferry with 210 passengers ran aground on a sandbank outside Belamar harbour on Sunday, the port authority said. All passengers were transferred to launches over four hours and no injuries were reported. The vessel was refloated on the next high tide.","2027-07-02","2027-09-15","Tanjung coast","Belamar","Tanjung ferry; capsizing; maritime authorities","Belamar ferry; grounding; port authority","DIFFERENT_EVENT","Two separate ferry incidents at different locations more than two months apart with different outcomes."
"P0513","W061-A","W061-B","WORLD_061","WORLD_061","World","medium","different_style","General Strike Halts Transport Across Solvana","Public transport, ports and much of the public administration stopped across Solvana on Thursday as unions held a one-day general strike against fuel price increases. Organisers said participation exceeded two million workers. The government said the increases would remain.","A One-Day Strike That Was Really About the Next Budget","Thursday's shutdown in Solvana was called over fuel prices, but the unions leading it have a longer horizon: the budget due in the autumn will decide whether transport subsidies survive at all. Ports and public offices were closed for the day and services ran only in skeleton form. The government's refusal to move on prices was expected and does not end the argument.","2027-08-05","2027-08-07","Puerto Alma, Solvana","Puerto Alma, Solvana","Solvana unions; general strike; fuel prices","Solvana unions; strike; transport subsidies; budget","SAME_EVENT","Report and weekend analysis of the identical one-day general strike held on the Thursday."
"P0514","W061-A","W070-A","WORLD_061","WORLD_070","World","very_hard","same_entities_different_date","General Strike Halts Transport Across Solvana","Public transport, ports and much of the public administration stopped across Solvana on Thursday as unions held a one-day general strike against fuel price increases. Organisers said participation exceeded two million workers. The government said the increases would remain.","Second General Strike Called in Solvana Over Budget Cuts","Unions in Solvana staged another one-day general strike on Wednesday, this time against proposed reductions in transport subsidies in the draft budget. Organisers put turnout above two million. Ports and public offices closed for the day and the government said the draft would not be withdrawn.","2027-08-05","2027-11-18","Puerto Alma, Solvana","Puerto Alma, Solvana","Solvana unions; general strike; fuel prices","Solvana unions; general strike; budget cuts","DIFFERENT_EVENT","Same country, same unions, same format and nearly identical figures, but two separate strike days three months apart over different grievances."
"P0515","W062-A","W062-B","WORLD_062","WORLD_062","World","medium","different_source","Regional Summit on Migration Opens in Valdera","Ministers from eleven states began a two-day summit in Valdera on Tuesday to discuss coordinated processing of asylum claims and search-and-rescue funding. A draft communiqué circulated before the meeting proposes a shared reception facility. Two governments have signalled reservations.","Reception Centre Proposal Dominates Valdera Talks","The idea of a jointly operated reception facility has become the central question at the migration meeting under way in Valdera, where eleven governments are represented at ministerial level. Officials said funding for rescue operations is also on the agenda for the second day. At least two delegations arrived opposed to the shared-centre language.","2027-09-14","2027-09-14","Valdera","Valdera","Valdera summit; migration ministers; draft communiqué","Valdera talks; reception facility; delegations","SAME_EVENT","Same summit opening covered by two outlets on the same day with different lead angles."
"P0516","W062-A","W063-A","WORLD_062","WORLD_063","World","medium","same_topic_different_event","Regional Summit on Migration Opens in Valdera","Ministers from eleven states began a two-day summit in Valdera on Tuesday to discuss coordinated processing of asylum claims and search-and-rescue funding. A draft communiqué circulated before the meeting proposes a shared reception facility. Two governments have signalled reservations.","Three States Sign Inland Trade Corridor Agreement","Ravensmark, Tavura and Marnholt signed an agreement in Tavura City to develop a rail and road corridor linking their inland regions, with construction phased over eight years. Financing will come from a joint fund and development lenders. Officials said customs procedures would be harmonised along the route.","2027-09-14","2027-10-02","Valdera","Tavura City, Tavura","Valdera summit; migration ministers","Ravensmark; Tavura; Marnholt; trade corridor agreement","DIFFERENT_EVENT","Different states, subjects and venues; both are multilateral diplomacy but concern unrelated agreements weeks apart."
"P0517","W063-A","W063-B","WORLD_063","WORLD_063","World","easy","paraphrase","Three States Sign Inland Trade Corridor Agreement","Ravensmark, Tavura and Marnholt signed an agreement in Tavura City to develop a rail and road corridor linking their inland regions, with construction phased over eight years. Financing will come from a joint fund and development lenders. Officials said customs procedures would be harmonised along the route.","Rail and Road Link Agreed by Three Neighbours","An accord to build a combined rail and highway corridor between inland areas of Ravensmark, Tavura and Marnholt was signed in Tavura City, setting out an eight-year construction programme. The three governments will pool money alongside loans from development banks, and customs rules along the corridor are to be aligned.","2027-10-02","2027-10-02","Tavura City, Tavura","Tavura City, Tavura","Ravensmark; Tavura; Marnholt; trade corridor agreement","Ravensmark; Tavura; Marnholt; rail and road corridor","SAME_EVENT","Same trilateral signing on the same day, reworded throughout."
"P0518","W052-A","W054-A","WORLD_052","WORLD_054","World","easy","same_topic_different_event","Magnitude 6.4 Earthquake Strikes Talarang Province","A magnitude 6.4 earthquake struck Talarang province early Saturday at a depth of 22 kilometres, the national seismological agency said. Power was reported out in several districts and communications with coastal villages were intermittent.","Cyclone Nerissa Makes Landfall on Kalaya Coast","Cyclone Nerissa came ashore near Kalaya early Monday with sustained winds of 155 kilometres per hour, according to the meteorological department. More than 200,000 people had been moved to shelters in the preceding two days, an operation officials said was helped by the storm's slow approach. Ports along the coast were closed and fishing fleets were ordered to remain in harbour from Saturday. Power distribution companies reported outages across four districts within hours of landfall. The department said the system was expected to weaken as it moved inland but warned that rainfall totals could exceed 300 millimetres in hill areas.","2026-12-19","2027-05-03","Talarang province","Kalaya coast","Talarang province; earthquake; seismological agency","Cyclone Nerissa; Kalaya; meteorological department","DIFFERENT_EVENT","Different natural disasters of different types in different regions nearly five months apart."
"P0519","W058-A","W071-A","WORLD_058","WORLD_071","World","medium","different_incident","Ravensmark Reopens Embassy in Sarnia","Ravensmark reopened its embassy in Sarnia on Wednesday, seven years after withdrawing its diplomatic staff. A chargé d'affaires will lead the post until an ambassador is confirmed.","Marnholt Suspends Operations at Its Mission in Oltavia","Marnholt has suspended activity at its embassy in Oltavia and withdrawn most staff, citing security conditions in the capital. Consular matters will be handled from a neighbouring country. The foreign ministry said the step was precautionary and reversible.","2027-04-21","2027-06-30","Sarnia","Oltavia","Ravensmark; Sarnia; embassy reopening","Marnholt; Oltavia; embassy suspension","DIFFERENT_EVENT","Opposite diplomatic actions by different countries in different capitals two months apart."
"P0520","W056-A","W074-A","WORLD_056","WORLD_074","World","hard","same_entities_different_date","Council of Nations Extends Hallavik Peacekeeping Mandate","The Council of Nations voted on Friday to extend the peacekeeping mandate in Hallavik for a further twelve months, with two members abstaining. The resolution keeps troop levels unchanged and adds a reporting requirement on civilian protection. The mission has operated in the country since 2021.","Council Renews Peacekeeping Mandate in Verdanne","The Council of Nations extended the peacekeeping mandate in Verdanne by twelve months on Tuesday, holding force levels steady and adding a requirement to report on demobilisation progress. One member abstained. The mission has been deployed since 2019.","2026-11-27","2027-02-09","Council headquarters","Council headquarters","Council of Nations; Hallavik peacekeeping mandate","Council of Nations; Verdanne peacekeeping mandate","DIFFERENT_EVENT","Same body, same procedure and near-identical wording, but mandate renewals for two different missions in different countries ten weeks apart."
"P0521","H050-A","H050-B","HEALTH_050","HEALTH_050","Health","easy","paraphrase","Regulator Approves Gene Therapy Retivex for Inherited Sight Loss","The medicines agency approved Retivex on Wednesday for patients with an inherited retinal condition caused by mutations in a single gene, making it the first such treatment cleared in the country. The therapy is delivered by injection under the retina in a single procedure, after which no further doses are given. Treatment will be limited at first to four specialist centres with surgical teams trained in the technique. The agency said around 250 people are likely to be eligible, and that pricing and reimbursement remain subject to negotiation with the manufacturer. Clinicians will be required to enter outcomes into a national registry.","One-Time Injection Cleared for Rare Retinal Disorder","Regulators have cleared Retivex, a gene therapy given as a single injection beneath the retina, for people whose sight loss stems from a specific genetic fault. It is the first treatment of its kind authorised locally. Only four hospitals will offer the procedure initially.","2027-01-27","2027-01-27","Halsted, Nordvik","Halsted, Nordvik","medicines agency; Retivex; retinal dystrophy","regulators; Retivex; gene therapy","SAME_EVENT","Same regulatory approval of the same therapy on the same date, differently worded."
"P0522","H050-A","H051-A","HEALTH_050","HEALTH_051","Health","medium","same_entity_different_event","Regulator Approves Gene Therapy Retivex for Inherited Sight Loss","The medicines agency approved Retivex on Wednesday for patients with an inherited retinal condition caused by mutations in a single gene, making it the first such treatment cleared in the country. The therapy is delivered by injection under the retina in a single procedure, after which no further doses are given. Treatment will be limited at first to four specialist centres with surgical teams trained in the technique. The agency said around 250 people are likely to be eligible, and that pricing and reimbursement remain subject to negotiation with the manufacturer. Clinicians will be required to enter outcomes into a national registry.","Agency Clears New Antibiotic for Resistant Infections","The medicines agency has authorised Cefralid, an intravenous antibiotic, for hospital infections resistant to standard treatment. Approval covers use only where alternatives have failed, a restriction the agency said is intended to slow resistance. Supply begins next month.","2027-01-27","2027-03-18","Halsted, Nordvik","Halsted, Nordvik","medicines agency; Retivex; retinal dystrophy","medicines agency; Cefralid; antibiotic approval","DIFFERENT_EVENT","Same regulator approving two unrelated products seven weeks apart."
"P0523","H050-A","H052-A","HEALTH_050","HEALTH_052","Health","very_hard","same_entities_different_date","Regulator Approves Gene Therapy Retivex for Inherited Sight Loss","The medicines agency approved Retivex on Wednesday for patients with an inherited retinal condition caused by mutations in a single gene, making it the first such treatment cleared in the country. The therapy is delivered by injection under the retina in a single procedure, after which no further doses are given. Treatment will be limited at first to four specialist centres with surgical teams trained in the technique. The agency said around 250 people are likely to be eligible, and that pricing and reimbursement remain subject to negotiation with the manufacturer. Clinicians will be required to enter outcomes into a national registry.","Retivex Wins Approval in Second Market","Retivex has been authorised by the medicines regulator in Tavura for patients with the same inherited retinal condition, five months after clearance elsewhere. The therapy is administered once, by subretinal injection. Tavuran officials said reimbursement discussions with the manufacturer had not concluded.","2027-01-27","2027-06-22","Halsted, Nordvik","Tavura City, Tavura","medicines agency; Retivex; retinal dystrophy","Tavura medicines regulator; Retivex; retinal dystrophy","DIFFERENT_EVENT","Same product, same indication and closely matching descriptions, but two separate approval decisions by different national regulators five months apart."
"P0524","H053-A","H053-B","HEALTH_053","HEALTH_053","Health","medium","breaking_update","Ashgrove Hospital Closes Two Wards After Outbreak","Ashgrove Hospital closed two wards to admissions on Monday following an outbreak of norovirus among patients and staff. Visiting has been restricted while cleaning is carried out.","Ashgrove Outbreak Affects 31 Patients, Trust Says","Thirty-one patients and nine staff members have symptoms linked to the norovirus outbreak that led Ashgrove Hospital to shut two wards on Monday, the trust said later in the day. Elective procedures on the affected wards were postponed. Infection control teams expect restrictions to remain for at least 72 hours.","2026-11-30","2026-11-30","Ashgrove, UK","Ashgrove, UK","Ashgrove Hospital; norovirus outbreak; ward closures","Ashgrove Hospital; norovirus; infection control","SAME_EVENT","Initial closure report and same-day update with case numbers for the identical outbreak."
"P0525","H053-A","H054-A","HEALTH_053","HEALTH_054","Health","hard","different_incident","Ashgrove Hospital Closes Two Wards After Outbreak","Ashgrove Hospital closed two wards to admissions on Monday following an outbreak of norovirus among patients and staff. Visiting has been restricted while cleaning is carried out.","Brookmere Hospital Restricts Visiting Amid Norovirus Cases","Brookmere Hospital has limited visiting across three wards after norovirus was confirmed in a group of patients, the trust said. Two bays are closed to new admissions. Officials said there was no indication of a link to cases reported at other sites this month.","2026-11-30","2026-12-09","Ashgrove, UK","Brookmere, UK","Ashgrove Hospital; norovirus outbreak; ward closures","Brookmere Hospital; norovirus; visiting restrictions","DIFFERENT_EVENT","Two separate hospital outbreaks nine days apart at different sites, explicitly unlinked, despite near-identical vocabulary."
"P0526","H055-A","H055-B","HEALTH_055","HEALTH_055","Health","medium","different_detail_level","Night Shift Work Linked to Higher Blood Pressure in Large Cohort","A study following 84,000 workers over nine years found higher average blood pressure among those on rotating night shifts than among daytime workers, after adjusting for weight, smoking and activity levels. The authors said the design cannot establish cause.","Nine-Year Study Ties Rotating Night Work to Blood Pressure Rise","Researchers tracking 84,000 employees across a range of industries reported that those working rotating night shifts had systolic readings several points higher on average than colleagues on daytime schedules, after adjusting for weight, smoking and physical activity. The association strengthened with years of shift exposure, with the largest differences seen among participants who had worked rotating patterns for more than fifteen years. Blood pressure was measured at three points during the follow-up period rather than relying on participant recall, which the authors identified as a strength relative to earlier work in the field. The authors cautioned that the design cannot establish cause and that self-selection into shift work may play a part, since workers who tolerate irregular schedules poorly tend to leave those roles early and would drop out of the exposed group. Occupational health specialists said the findings support existing recommendations on schedule rotation, particularly the preference for forward-rotating patterns over backward ones, though they noted that the study did not distinguish between rotation directions. Two commentators published alongside the paper argued that the practical question is no longer whether an association exists but which scheduling changes reduce it, and that employer-level trials would be more informative than further cohort analyses. The research group said it plans to link the cohort to prescription records to examine treatment initiation. Funding for the study came from a national research council, and the authors declared no commercial interests. Data collection began in 2018 across eleven employers, including two hospital groups, a rail operator and several manufacturing sites, which the authors said gives the cohort a broader occupational mix than earlier work drawn largely from nursing populations. A companion paper examining sleep duration in the same cohort is under review.","2027-02-05","2027-02-05","Copenhagen, Denmark","Copenhagen, Denmark","cohort study; night shift work; blood pressure","cohort study; rotating shifts; systolic readings; occupational health","SAME_EVENT","Same published cohort study on the same day, summarised briefly in one article and in detail in the other."
"P0527","H055-A","H056-A","HEALTH_055","HEALTH_056","Health","very_hard","different_incident","Night Shift Work Linked to Higher Blood Pressure in Large Cohort","A study following 84,000 workers over nine years found higher average blood pressure among those on rotating night shifts than among daytime workers, after adjusting for weight, smoking and activity levels. The authors said the design cannot establish cause.","Long Sitting Hours Associated With Blood Pressure in Office Study","A separate analysis published the same week reported higher blood pressure among office employees spending more than nine hours seated daily, drawing on data from 47,000 participants over six years. Adjustments were made for body mass, smoking and exercise. The researchers noted that measurement relied on self-reported sitting time.","2027-02-05","2027-02-05","Copenhagen, Denmark","Utrecht, Netherlands","cohort study; night shift work; blood pressure","office cohort; sedentary time; blood pressure","DIFFERENT_EVENT","Two different studies with different cohorts, exposures, sizes and institutions published on the same day with nearly parallel reporting language."
"P0528","H057-A","H057-B","HEALTH_057","HEALTH_057","Health","medium","different_source","School Vaccination Programme Begins Nationwide","A school-based immunisation programme began on Monday, offering the vaccine to pupils in their first year of secondary education. Health authorities said consent forms had been distributed in August. Uptake will be reported by district at the end of term.","Nurses Start Term-Time Immunisation Rounds in Schools","Immunisation teams began visiting secondary schools this week as part of a national programme aimed at first-year pupils. Parents were asked to return consent forms before the start of term. Officials will publish district-level coverage figures once the round is complete.","2027-09-01","2027-09-01","Nationwide, Nordvik","Nationwide, Nordvik","school immunisation programme; health authorities; consent forms","immunisation teams; secondary schools; coverage figures","SAME_EVENT","Same programme launch on the same date reported from the administrative and the delivery perspective."
"P0529","H057-A","H058-A","HEALTH_057","HEALTH_058","Health","medium","same_topic_different_event","School Vaccination Programme Begins Nationwide","A school-based immunisation programme began on Monday, offering the vaccine to pupils in their first year of secondary education. Health authorities said consent forms had been distributed in August. Uptake will be reported by district at the end of term.","Whooping Cough Cases Rise in Eastern Districts","Health authorities recorded 340 confirmed whooping cough cases in eastern districts over six weeks, above the level seen in the same period in previous years. Officials urged pregnant women and parents of infants to check vaccination status. Most cases were in children under one year.","2027-09-01","2027-10-14","Nationwide, Nordvik","Eastern districts, Nordvik","school immunisation programme; health authorities","whooping cough cases; health authorities; eastern districts","DIFFERENT_EVENT","Same health authorities and the shared theme of vaccination, but a programme launch and a disease surveillance report six weeks later are different events."
"P0530","H059-A","H059-B","HEALTH_059","HEALTH_059","Health","easy","paraphrase","Ministry Announces Twelve New Community Clinics","The health ministry said Tuesday it would open twelve community clinics over three years in districts where residents currently travel more than 40 kilometres for routine care. Each site will offer general practice, midwifery and basic diagnostics, with blood testing processed at regional laboratories rather than on site. Funding comes from the capital budget approved in the winter, and the ministry said recruitment would begin before construction in order to avoid buildings standing empty. Staffing is the principal constraint, officials acknowledged, with several of the target districts having struggled to fill existing posts. Three of the twelve will be built alongside existing community centres to share parking and reception facilities. The ministry expects the first two clinics to open within eighteen months.","Twelve Clinics Planned for Underserved Districts","Twelve new local health centres will be built over the next three years in areas where the nearest routine services are more than 40 kilometres away, the health ministry announced. The clinics are to provide general practice, midwifery and simple diagnostic tests. Money for the programme was set aside in the winter capital budget.","2027-04-06","2027-04-06","Halsted, Nordvik","Halsted, Nordvik","health ministry; community clinics; capital budget","health ministry; local health centres; capital budget","SAME_EVENT","Same ministry announcement on the same day in different phrasing."
"P0531","H059-A","H060-A","HEALTH_059","HEALTH_060","Health","hard","same_entity_different_event","Ministry Announces Twelve New Community Clinics","The health ministry said Tuesday it would open twelve community clinics over three years in districts where residents currently travel more than 40 kilometres for routine care. Each site will offer general practice, midwifery and basic diagnostics, with blood testing processed at regional laboratories rather than on site. Funding comes from the capital budget approved in the winter, and the ministry said recruitment would begin before construction in order to avoid buildings standing empty. Staffing is the principal constraint, officials acknowledged, with several of the target districts having struggled to fill existing posts. Three of the twelve will be built alongside existing community centres to share parking and reception facilities. The ministry expects the first two clinics to open within eighteen months.","Ministry and Nursing Unions Reach Pay Agreement","The health ministry and three nursing unions have agreed a two-year pay settlement worth 7.4 percent in total, ending a dispute that produced two strike days in March. Union members must still ratify the terms in a ballot closing next month. The ministry said the cost would be met from within existing allocations.","2027-04-06","2027-05-19","Halsted, Nordvik","Halsted, Nordvik","health ministry; community clinics","health ministry; nursing unions; pay agreement","DIFFERENT_EVENT","Same ministry, but a capital investment announcement and a pay settlement six weeks later are unrelated events."
"P0532","H061-A","H061-B","HEALTH_061","HEALTH_061","Health","hard","entity_normalization","Extension Study Reports Durable Vision Gains From Retivex","Three-year follow-up data from the extension study of Retivex show that visual acuity improvements recorded at one year were largely maintained, investigators reported. Twenty-eight of 34 treated eyes retained the gain. Two participants showed gradual decline after the second year.","Gene Therapy for Retinal Disorder Holds Up at Three Years","Longer-term results from the trial of the subretinal gene therapy indicate that most treated eyes kept the sight improvements measured in the first year, according to investigators presenting at a specialist meeting. The follow-up covers 34 eyes, with a small number losing ground after year two. The manufacturer said regulatory filings would include the data.","2027-08-30","2027-08-30","Vienna, Austria","Vienna, Austria","Retivex; extension study; investigators","subretinal gene therapy; trial follow-up; manufacturer","SAME_EVENT","The same follow-up results presented on the same day, with the therapy named in one article and described only by mechanism in the other."
"P0533","H050-A","H061-A","HEALTH_050","HEALTH_061","Health","medium","follow_up","Regulator Approves Gene Therapy Retivex for Inherited Sight Loss","The medicines agency approved Retivex on Wednesday for patients with an inherited retinal condition caused by mutations in a single gene, making it the first such treatment cleared in the country. The therapy is delivered by injection under the retina in a single procedure, after which no further doses are given. Treatment will be limited at first to four specialist centres with surgical teams trained in the technique. The agency said around 250 people are likely to be eligible, and that pricing and reimbursement remain subject to negotiation with the manufacturer. Clinicians will be required to enter outcomes into a national registry.","Extension Study Reports Durable Vision Gains From Retivex","Three-year follow-up data from the extension study of Retivex show that visual acuity improvements recorded at one year were largely maintained, investigators reported. Twenty-eight of 34 treated eyes retained the gain. Two participants showed gradual decline after the second year.","2027-01-27","2027-08-30","Halsted, Nordvik","Vienna, Austria","medicines agency; Retivex; retinal dystrophy","Retivex; extension study; investigators","DIFFERENT_EVENT","Same therapy, but a regulatory approval and the later presentation of long-term trial data are separate events seven months apart with different actors."
"P0534","H062-A","H062-B","HEALTH_062","HEALTH_062","Health","medium","different_source","Medvance Recalls Insulin Pump Batch Over Battery Fault","Medvance is recalling roughly 12,000 insulin pumps after reports that a battery connector can loosen and interrupt delivery. The company said users should contact their clinic for a replacement device and should not stop treatment. Serial numbers affected were published on the manufacturer's site.","Regulator Publishes Field Safety Notice on Pump Recall","The medical devices regulator has issued a field safety notice covering a batch of insulin pumps withdrawn by their manufacturer following reports of intermittent power loss. Clinics have been asked to identify affected patients and arrange replacements within two weeks. The notice lists the serial ranges involved.","2027-03-24","2027-03-24","Basel, Switzerland","Halsted, Nordvik","Medvance; insulin pump recall; battery connector","medical devices regulator; field safety notice; pump recall","SAME_EVENT","The same recall on the same day, reported once from the manufacturer's announcement and once from the regulator's notice about that recall."
"P0535","H062-A","H063-A","HEALTH_062","HEALTH_063","Health","hard","different_incident","Medvance Recalls Insulin Pump Batch Over Battery Fault","Medvance is recalling roughly 12,000 insulin pumps after reports that a battery connector can loosen and interrupt delivery. The company said users should contact their clinic for a replacement device and should not stop treatment. Serial numbers affected were published on the manufacturer's site.","Kelso Medical Withdraws Infusion Sets After Leak Reports","Kelso Medical has withdrawn several lots of infusion sets following reports of leaks at the tubing connector, affecting about 40,000 units. Hospitals were told to quarantine stock and use alternative supplies. The company said the fault was traced to a moulding change at one plant.","2027-03-24","2027-05-07","Basel, Switzerland","Galway, Ireland","Medvance; insulin pump recall; battery connector","Kelso Medical; infusion set withdrawal; tubing connector","DIFFERENT_EVENT","Different manufacturers, products, faults and volumes six weeks apart, sharing only recall vocabulary."
"P0536","H064-A","H064-B","HEALTH_064","HEALTH_064","Health","medium","different_style","Emergency Departments Report Longest Waits of the Year","Emergency departments recorded their longest average waiting times of the year last week, with 18 percent of patients waiting more than six hours from arrival to a decision, according to weekly figures. Hospital managers cited high attendance and delays discharging patients to social care.","The Bottleneck Is at the Back Door, Not the Front","Last week's emergency waiting figures were the worst of the year, but the numbers behind them point away from the entrance. Attendance rose only modestly; what changed was how long patients medically ready to leave stayed in beds because community support was unavailable. Until that flow improves, front-door measures will keep disappointing.","2027-11-09","2027-11-12","Nationwide, UK","Nationwide, UK","emergency departments; waiting times; hospital managers","emergency waiting figures; patient flow; community support","SAME_EVENT","Statistical report and commentary on the identical weekly figures, the commentary published three days later."
"P0537","H065-A","H065-B","HEALTH_065","HEALTH_065","Health","easy","paraphrase","Trial Finds Shorter Antibiotic Course Effective for Bone Infection","A randomised trial found that six weeks of antibiotics worked as well as twelve for adults with bone infection following surgery, with similar cure rates and fewer side effects in the shorter arm. The study involved 620 patients across 22 hospitals.","Six Weeks Match Twelve in Bone Infection Antibiotic Study","Halving the length of antibiotic treatment for post-surgical bone infection did not reduce cure rates, according to a trial across 22 hospitals with 620 participants. Patients on the shorter course reported fewer adverse effects. Investigators said guidelines should be reviewed.","2027-07-15","2027-07-15","Lyon, France","Lyon, France","randomised trial; bone infection; antibiotic duration","antibiotic trial; bone infection; investigators","SAME_EVENT","Same trial publication on the same date described with different sentence construction."
"P0538","H065-A","H066-A","HEALTH_065","HEALTH_066","Health","hard","same_topic_different_event","Trial Finds Shorter Antibiotic Course Effective for Bone Infection","A randomised trial found that six weeks of antibiotics worked as well as twelve for adults with bone infection following surgery, with similar cure rates and fewer side effects in the shorter arm. The study involved 620 patients across 22 hospitals.","Trial Tests Shorter Treatment for Bloodstream Infection","A separate randomised study reported that seven days of antibiotics were not inferior to fourteen for uncomplicated bloodstream infection in hospital patients, based on 890 participants at 30 centres. Rates of relapse were similar between arms. The authors called for guideline groups to consider the evidence.","2027-07-15","2027-10-21","Lyon, France","Barcelona, Spain","randomised trial; bone infection; antibiotic duration","randomised trial; bloodstream infection; antibiotic duration","DIFFERENT_EVENT","Two different trials on antibiotic duration in different conditions, cohorts and countries three months apart, with strongly parallel phrasing."
"P0539","H067-A","H067-B","HEALTH_067","HEALTH_067","Health","medium","different_detail_level","Region Opens Round-the-Clock Pharmacy Service","A 24-hour pharmacy service opened in the Kessen region on Friday, covering five towns.","Overnight Pharmacy Cover Begins Across Kessen Region","Residents of five towns in the Kessen region can now collect prescriptions overnight after a rota agreed between eleven pharmacies came into effect on Friday. Each pharmacy will staff one night per fortnight, with an on-call pharmacist reachable by phone at other times. Regional health officials said the arrangement replaces a single central pharmacy that closed last year, and that usage will be reviewed after six months.","2027-06-18","2027-06-18","Kessen region, Nordvik","Kessen region, Nordvik","Kessen region; 24-hour pharmacy service","Kessen region; pharmacy rota; regional health officials","SAME_EVENT","Same service launch on the same day, given as a one-line item and as a detailed account."
"P0540","H058-A","H068-A","HEALTH_058","HEALTH_068","Health","medium","same_entities_different_date","Whooping Cough Cases Rise in Eastern Districts","Health authorities recorded 340 confirmed whooping cough cases in eastern districts over six weeks, above the level seen in the same period in previous years. Officials urged pregnant women and parents of infants to check vaccination status. Most cases were in children under one year.","Whooping Cough Reports Climb Again in Spring","Health authorities reported 290 confirmed whooping cough cases across eastern districts during a six-week period in spring, a second rise following the increase recorded in the autumn. Officials repeated advice on vaccination for infants and pregnant women. Case numbers remained highest among children under one.","2027-10-14","2028-04-20","Eastern districts, Nordvik","Eastern districts, Nordvik","whooping cough cases; health authorities; eastern districts","whooping cough cases; health authorities; eastern districts","DIFFERENT_EVENT","Same disease, region, authority and reporting format, but two separate surveillance periods six months apart."
"P0541","E050-A","E050-B","ENV_050","ENV_050","Environment","easy","paraphrase","Kettle Ridge Fire Burns 18,000 Hectares","The Kettle Ridge fire has burned about 18,000 hectares in the interior since igniting on Wednesday, provincial fire officials said, with containment at 15 percent. Two communities remain under evacuation order and a third is on alert. Crews are working to hold a line along a forest road on the eastern flank, supported by four helicopters drawing water from a lake to the north. Officials said the fire's growth had been driven by afternoon winds funnelling up the valley, and that overnight humidity recovery had been poorer than forecast. The cause remains under investigation. Highway traffic through the corridor is being escorted in convoys during daylight hours only, and the province warned that closures could extend if the fire crosses the road.","Crews Hold Eastern Line as Kettle Ridge Fire Grows","Firefighters are concentrating on a forest road east of the Kettle Ridge blaze, which has spread across roughly 18,000 hectares since Wednesday and is 15 percent contained, according to provincial officials. Residents of two communities have been ordered out. Growth has been driven by afternoon winds.","2027-07-21","2027-07-21","British Columbia, Canada","British Columbia, Canada","Kettle Ridge fire; provincial fire officials; evacuation order","Kettle Ridge fire; provincial officials; containment","SAME_EVENT","Same fire status update on the same day with different lead emphasis and no shared sentences."
"P0542","E050-A","E051-A","ENV_050","ENV_051","Environment","hard","different_incident","Kettle Ridge Fire Burns 18,000 Hectares","The Kettle Ridge fire has burned about 18,000 hectares in the interior since igniting on Wednesday, provincial fire officials said, with containment at 15 percent. Two communities remain under evacuation order and a third is on alert. Crews are working to hold a line along a forest road on the eastern flank, supported by four helicopters drawing water from a lake to the north. Officials said the fire's growth had been driven by afternoon winds funnelling up the valley, and that overnight humidity recovery had been poorer than forecast. The cause remains under investigation. Highway traffic through the corridor is being escorted in convoys during daylight hours only, and the province warned that closures could extend if the fire crosses the road.","Ash Draw Fire Prompts New Evacuation Orders","A fire in the Ash Draw valley has grown to 6,400 hectares and forced evacuation orders for three settlements, provincial officials said. Crews were pulled from other assignments to build line on the southern edge. The cause is under investigation and lightning has not been ruled out.","2027-07-21","2027-08-02","British Columbia, Canada","British Columbia, Canada","Kettle Ridge fire; provincial fire officials; evacuation order","Ash Draw fire; provincial officials; evacuation orders","DIFFERENT_EVENT","Two separate wildfires in the same province twelve days apart, with different sizes, locations and evacuation zones."
"P0543","E052-A","E052-B","ENV_052","ENV_052","Environment","medium","different_source","Government Designates Vellmar Shoals Marine Reserve","The government designated the Vellmar Shoals as a marine reserve on Thursday, closing 4,200 square kilometres to bottom trawling and restricting anchoring over reef structures. Recreational line fishing remains permitted in a buffer zone extending three nautical miles from the reserve boundary. The designation follows a five-year survey of seabed habitat that mapped cold-water reef formations at depths between 60 and 200 metres. Enforcement will rely on vessel monitoring data already collected for licensing purposes, with patrols by two fisheries vessels. Compensation arrangements for displaced trawler operators are being discussed separately.","Trawling Barred Across Vellmar Shoals Under New Protection","Bottom trawling has been prohibited over more than four thousand square kilometres of the Vellmar Shoals following a protection order signed this week. Anchoring will be limited where reef structures were mapped during a long-running seabed survey, though line fishing may continue in an outer zone. Fishing associations said the boundaries were drawn without adequate consultation.","2026-10-08","2026-10-08","Vellmar Shoals","Vellmar Shoals","Vellmar Shoals; marine reserve; bottom trawling ban","Vellmar Shoals; protection order; fishing associations","SAME_EVENT","Same designation announced on the same day, told from the government notice and from the affected industry's angle."
"P0544","E052-A","E053-A","ENV_052","ENV_053","Environment","hard","same_topic_different_event","Government Designates Vellmar Shoals Marine Reserve","The government designated the Vellmar Shoals as a marine reserve on Thursday, closing 4,200 square kilometres to bottom trawling and restricting anchoring over reef structures. Recreational line fishing remains permitted in a buffer zone extending three nautical miles from the reserve boundary. The designation follows a five-year survey of seabed habitat that mapped cold-water reef formations at depths between 60 and 200 metres. Enforcement will rely on vessel monitoring data already collected for licensing purposes, with patrols by two fisheries vessels. Compensation arrangements for displaced trawler operators are being discussed separately.","Existing Reserve at Corrach Bank to Be Enlarged","The boundaries of the Corrach Bank marine reserve will be extended by 1,100 square kilometres to the north, ministers said, adding an area identified as a nursery for juvenile fish. Existing restrictions on trawling will apply across the enlarged area from January. Consultation on the extension ran for eight weeks.","2026-10-08","2027-05-11","Vellmar Shoals","Corrach Bank","Vellmar Shoals; marine reserve; bottom trawling ban","Corrach Bank; reserve extension; ministers","DIFFERENT_EVENT","Two separate protection decisions covering different marine areas seven months apart, one a new designation and one an extension."
"P0545","E054-A","E054-B","ENV_054","ENV_054","Environment","medium","breaking_update","Chemical Leak Reported at Plant on Norwood River","A chemical leak was reported at an industrial plant on the Norwood River on Monday morning, with the environment agency dispatching officers to the site. Water abstraction at two supply points was later suspended.","Solvent Leak at Norwood Plant Reached River, Agency Says","The environment agency said Monday afternoon that a quantity of industrial solvent had entered the Norwood River through a surface drain at the plant, and that booms were being deployed downstream. The operator halted production and said a valve failure was the likely cause, adding that the affected tank had been isolated within twenty minutes of the alarm sounding. Water abstraction for two nearby supply points was suspended as a precaution, and the water company said storage was sufficient to maintain supply for at least four days without restrictions. Officers took samples at four locations between the outfall and the tidal limit, with results expected within 48 hours. The agency asked landowners along the affected reach to keep livestock away from the water until further notice and advised against recreational use of the river through the weekend. Anglers reported a strong smell near the plant during the morning, several hours before the formal notification, a discrepancy the agency said would form part of its inquiry into whether reporting requirements were met. The plant, which manufactures coatings, has held a permit at the site since 2009 and had one previous notice recorded against it for an unrelated storage breach. The company said it would fund downstream monitoring for as long as the agency considered necessary and would publish its own incident review. The agency said it would decide within a month whether to bring a prosecution, and that its officers remained on site collecting records of the plant's maintenance schedule for the valve assembly. Local councillors called for the results of the water sampling to be published in full rather than summarised. A community meeting has been arranged at the village hall for Thursday evening, which agency staff and the plant manager have both been invited to attend.","2027-03-15","2027-03-15","Norwood River","Norwood River","Norwood River; chemical leak; environment agency","Norwood River; solvent leak; environment agency; plant operator","SAME_EVENT","Initial report and same-day update identifying the substance and response for the identical leak."
"P0546","E054-A","E055-A","ENV_054","ENV_055","Environment","hard","follow_up","Chemical Leak Reported at Plant on Norwood River","A chemical leak was reported at an industrial plant on the Norwood River on Monday morning, with the environment agency dispatching officers to the site. Water abstraction at two supply points was later suspended.","Fish Deaths Recorded Along Twelve Kilometres of Norwood River","Anglers and agency staff have counted dead fish along a twelve-kilometre stretch of the Norwood River, with the heaviest concentrations below the industrial outfall. The agency said sampling would establish whether the deaths are linked to the solvent release reported the previous week. A restocking assessment will follow in the autumn.","2027-03-15","2027-03-22","Norwood River","Norwood River","Norwood River; chemical leak; environment agency","Norwood River; fish deaths; environment agency; sampling","DIFFERENT_EVENT","The fish mortality is a consequence being investigated a week later, with its own survey work and findings, rather than part of the leak incident itself."
"P0547","E056-A","E056-B","ENV_056","ENV_056","Environment","medium","different_detail_level","Survey Finds Andean Glacier Lost Fifth of Its Area","A survey reported that the Quilcayo glacier has lost about 21 percent of its surface area since 2000.","Quilcayo Glacier Retreat Measured in Detail for First Time","Repeat mapping of the Quilcayo glacier shows a loss of roughly 21 percent of its surface since the start of the century, with the steepest retreat occurring in the last eight years. Researchers combined satellite imagery with ground surveys at the terminus, where the ice front has pulled back more than 600 metres. The team said meltwater contributions to the valley's dry-season flow are likely to decline within two decades, which matters for irrigation downstream.","2027-06-04","2027-06-04","Quilcayo, Peru","Quilcayo, Peru","Quilcayo glacier; surface area loss","Quilcayo glacier; repeat mapping; meltwater; irrigation","SAME_EVENT","One-line summary and a detailed report of the identical glacier survey released the same day."
"P0548","E057-A","E057-B","ENV_057","ENV_057","Environment","hard","entity_normalization","Court Blocks Expansion of Dunmarra Coal Mine","The administrative court annulled the permit for expansion of the Dunmarra coal mine on Friday, ruling that the assessment failed to consider downstream water impacts. The operator may submit a revised application. Work at the existing pit is unaffected.","Judges Overturn Permit for Coal Mine Extension","A panel hearing environmental appeals has set aside the authorisation for extending an open-pit coal operation, finding the environmental statement inadequate on the question of water flows below the site. The company retains the option of reapplying with new material. Current extraction continues under the original consent.","2027-02-26","2027-02-26","Dunmarra","Dunmarra","administrative court; Dunmarra coal mine; permit annulment","environmental appeals panel; coal mine extension; authorisation","SAME_EVENT","Same ruling on the same day, with the court and mine named in one article and referred to descriptively in the other."
"P0549","E057-A","E058-A","ENV_057","ENV_058","Environment","medium","same_topic_different_event","Court Blocks Expansion of Dunmarra Coal Mine","The administrative court annulled the permit for expansion of the Dunmarra coal mine on Friday, ruling that the assessment failed to consider downstream water impacts. The operator may submit a revised application. Work at the existing pit is unaffected.","Court Upholds Consent for Coastal Wind Farm","The administrative court dismissed a challenge to the consent for a 32-turbine wind farm on the Ferrand coast, finding that the assessment of bird collision risk met the required standard. Objectors said they were considering an appeal. Construction may begin next spring.","2027-02-26","2027-04-14","Dunmarra","Ferrand coast","administrative court; Dunmarra coal mine; permit annulment","administrative court; Ferrand wind farm; consent upheld","DIFFERENT_EVENT","Same court deciding two different energy cases seven weeks apart with opposite outcomes."
"P0550","E059-A","E059-B","ENV_059","ENV_059","Environment","medium","different_source","Record September Rainfall Floods Wexley","Wexley recorded 187 millimetres of rain in 24 hours on Wednesday, its highest September total on record, leaving parts of the town centre under water. The council opened two rest centres and said around 340 properties had been affected, a figure it expected to rise once assessment teams completed their rounds. Rail services on the valley line were suspended after water covered the track in two places, with replacement buses running on a reduced timetable. The river gauge peaked in the early afternoon at a level not seen since 2015, when defences were last overtopped. The environment agency said the flood barriers installed after that event had held on the eastern bank but were overtopped where they meet older walls near the bridge.","Wexley Town Centre Under Water After Downpour","Shops and homes in the lower part of Wexley were flooded on Wednesday after a day of rain that meteorologists said exceeded any September figure in the local record. Two rest centres took in residents unable to return home, and trains through the valley stopped running. Council staff distributed sandbags into the evening.","2027-09-08","2027-09-08","Wexley, UK","Wexley, UK","Wexley; record rainfall; council rest centres","Wexley; flooding; meteorologists; council","SAME_EVENT","Two accounts of the same flooding event on the same date, one led by the rainfall record and one by the local impact."
"P0551","E059-A","E060-A","ENV_059","ENV_060","Environment","easy","same_topic_different_event","Record September Rainfall Floods Wexley","Wexley recorded 187 millimetres of rain in 24 hours on Wednesday, its highest September total on record, leaving parts of the town centre under water. The council opened two rest centres and said around 340 properties had been affected, a figure it expected to rise once assessment teams completed their rounds. Rail services on the valley line were suspended after water covered the track in two places, with replacement buses running on a reduced timetable. The river gauge peaked in the early afternoon at a level not seen since 2015, when defences were last overtopped. The environment agency said the flood barriers installed after that event had held on the eastern bank but were overtopped where they meet older walls near the bridge.","Water Restrictions Introduced Across Marrow Valley","A hosepipe ban took effect across the Marrow Valley on Monday after reservoir levels fell to 38 percent, the water company said. Restrictions cover garden watering and car washing for domestic customers. The company said supply to businesses is unaffected for now.","2027-09-08","2027-07-05","Wexley, UK","Marrow Valley, UK","Wexley; record rainfall; flooding","Marrow Valley; hosepipe ban; reservoir levels","DIFFERENT_EVENT","Opposite hydrological problems in different regions two months apart with no shared actors."
"P0552","E061-A","E061-B","ENV_061","ENV_061","Environment","easy","paraphrase","City Bans Single-Use Plastics in Food Service","The city council voted to prohibit single-use plastic cups, cutlery and containers in cafes and takeaways from July, with a six-month grace period for small businesses. Reusable and certified compostable alternatives are permitted. Enforcement will sit with environmental health officers.","Cafes Given Until July to Drop Plastic Cutlery","Under a measure approved by councillors, food outlets in the city must stop using disposable plastic cups, containers and cutlery from July, though smaller operators get an additional six months to comply. Compostable and reusable options remain allowed, and environmental health teams will handle enforcement.","2027-01-12","2027-01-12","Loverton, UK","Loverton, UK","Loverton city council; single-use plastics ban; environmental health","councillors; plastics ban; food outlets","SAME_EVENT","Same council decision on the same date reported in different words."
"P0553","E061-A","E062-A","ENV_061","ENV_062","Environment","very_hard","different_incident","City Bans Single-Use Plastics in Food Service","The city council voted to prohibit single-use plastic cups, cutlery and containers in cafes and takeaways from July, with a six-month grace period for small businesses. Reusable and certified compostable alternatives are permitted. Enforcement will sit with environmental health officers.","Neighbouring Council Rejects Plastics Ban Proposal","Councillors in Ravenhill voted against a proposal to bar single-use plastic cups and containers from food outlets, with several arguing that a voluntary scheme should be tried first. Supporters said they would bring the measure back after a year. Compostable alternatives are already used by some traders in the town.","2027-01-12","2027-01-20","Loverton, UK","Ravenhill, UK","Loverton city council; single-use plastics ban","Ravenhill councillors; plastics ban proposal; voluntary scheme","DIFFERENT_EVENT","Two neighbouring councils voting on very similar plastics measures eight days apart with opposite outcomes, sharing nearly all vocabulary."
"P0554","E063-A","E063-B","ENV_063","ENV_063","Environment","medium","different_style","Reforestation Programme Passes Ten Million Trees","A national reforestation programme reached ten million trees planted since 2021, the forestry agency said, with about 60 percent of the total on former grazing land in upland catchments. Survival rates for the earliest plantings are estimated at 78 percent. Funding runs to 2031.","Ten Million Trees, and the Number That Matters More","The forestry agency's milestone this week is easy to state and harder to interpret: ten million trees planted, but roughly a fifth of the earliest ones did not survive. That figure is not a scandal, it is what upland planting looks like, and it is why survival auditing rather than planting counts should drive the next phase. Funding is secure until 2031, which leaves time to change the metric.","2027-11-02","2027-11-05","Nationwide, UK","Nationwide, UK","reforestation programme; forestry agency; survival rates","forestry agency; planting milestone; survival auditing","SAME_EVENT","News item and a critical column on the identical milestone announcement, the column running later in the week."
"P0555","E064-A","E064-B","ENV_064","ENV_064","Environment","medium","different_source","Turtle Nesting Numbers Reach Highest Recorded Level","Conservation staff counted 1,940 turtle nests along the Serina coast this season, the highest since monitoring began in 1998. Officials credited vehicle restrictions on nesting beaches and a long-running volunteer patrol. Hatching success has not yet been calculated.","Volunteers Report Best Nesting Season on Serina Beaches","A volunteer patrol network says this year produced more turtle nests on the Serina coast than any season since records started, with counts approaching two thousand. Coordinators pointed to beach vehicle bans as the most likely reason. Figures for hatchling emergence will come later in the year.","2027-08-25","2027-08-25","Serina coast","Serina coast","Serina coast; turtle nesting record; conservation staff","Serina coast; volunteer patrol; nesting season","SAME_EVENT","Same seasonal result announced on the same day from the agency and volunteer perspectives."
"P0556","E064-A","E065-A","ENV_064","ENV_065","Environment","hard","different_incident","Turtle Nesting Numbers Reach Highest Recorded Level","Conservation staff counted 1,940 turtle nests along the Serina coast this season, the highest since monitoring began in 1998. Officials credited vehicle restrictions on nesting beaches and a long-running volunteer patrol. Hatching success has not yet been calculated.","Seabird Colony Records Best Breeding Year in a Decade","Monitoring of the Farne Cliffs seabird colony recorded the strongest breeding season in ten years, with chick numbers up by a third across three species. Wardens attributed the result to abundant sandeels close inshore. Rat eradication carried out four years ago may also be contributing.","2027-08-25","2027-09-19","Serina coast","Farne Cliffs","Serina coast; turtle nesting record; conservation staff","Farne Cliffs; seabird colony; wardens","DIFFERENT_EVENT","Two unrelated wildlife monitoring results for different species and sites nearly four weeks apart."
"P0557","E066-A","E066-B","ENV_066","ENV_066","Environment","hard","different_detail_level","Emissions From Shipping Fall for Second Year","Emissions from vessels calling at national ports fell 4.6 percent last year, the transport agency reported, the second consecutive annual decline. Container traffic was broadly flat over the same period.","Slow Steaming and Fuel Switching Behind Port Emissions Decline","A 4.6 percent fall in emissions from shipping serving national ports was driven mainly by lower average vessel speeds and a shift toward cleaner fuels on short-sea routes, the transport agency said in its annual assessment. Container traffic was broadly flat, meaning the reduction did not come from lower activity. The agency noted that emissions from at-berth operations rose slightly, and that shore power connections remain available at only four terminals. It is the second consecutive year of decline.","2027-05-28","2027-05-28","Rotterdam, Netherlands","Rotterdam, Netherlands","transport agency; shipping emissions; annual decline","transport agency; shipping emissions; shore power; short-sea routes","SAME_EVENT","Same annual assessment published the same day, once as a headline figure and once with the underlying drivers."
"P0558","E066-A","E067-A","ENV_066","ENV_067","Environment","very_hard","same_entities_different_date","Emissions From Shipping Fall for Second Year","Emissions from vessels calling at national ports fell 4.6 percent last year, the transport agency reported, the second consecutive annual decline. Container traffic was broadly flat over the same period.","Shipping Emissions Decline Continues in Latest Figures","Emissions from vessels using national ports fell 3.9 percent over the most recent year, the transport agency said, extending a run of annual reductions to three. Cargo volumes rose slightly across the period. The agency again pointed to vessel speeds and fuel choice as the main factors.","2027-05-28","2028-05-26","Rotterdam, Netherlands","Rotterdam, Netherlands","transport agency; shipping emissions; annual decline","transport agency; shipping emissions; annual decline","DIFFERENT_EVENT","Same agency publishing the same annual series in almost the same language, but these are two separate yearly reports a year apart with different figures."
"P0559","E068-A","E068-B","ENV_068","ENV_068","Environment","easy","paraphrase","Peat Restoration Begins on Ardloch Estate","Work to block drainage ditches across 900 hectares of degraded peatland began on the Ardloch estate this week, part of a programme intended to raise water tables and halt carbon loss. Contractors will use excavated peat to form dams. Monitoring wells have been installed ahead of the work.","Ditch Blocking Starts on 900 Hectares of Ardloch Peatland","Contractors have started damming old drainage channels across 900 hectares at Ardloch, aiming to bring water levels back up in peat that has been drying and releasing carbon. Dams are being built from peat dug on site, and wells to track water levels went in before work began.","2027-03-08","2027-03-08","Ardloch, UK","Ardloch, UK","Ardloch estate; peat restoration; drainage ditches","Ardloch; peatland restoration; monitoring wells","SAME_EVENT","Same restoration project start on the same date, described with different wording."
"P0560","E050-A","E069-A","ENV_050","ENV_069","Environment","medium","same_location_different_event","Kettle Ridge Fire Burns 18,000 Hectares","The Kettle Ridge fire has burned about 18,000 hectares in the interior since igniting on Wednesday, provincial fire officials said, with containment at 15 percent. Two communities remain under evacuation order and a third is on alert. Crews are working to hold a line along a forest road on the eastern flank, supported by four helicopters drawing water from a lake to the north. Officials said the fire's growth had been driven by afternoon winds funnelling up the valley, and that overnight humidity recovery had been poorer than forecast. The cause remains under investigation. Highway traffic through the corridor is being escorted in convoys during daylight hours only, and the province warned that closures could extend if the fire crosses the road.","Province Announces Salvage Logging Plan for Burned Interior Stands","The provincial government set out a plan to permit salvage logging across stands burned in the interior over the past two seasons, covering an area of about 40,000 hectares. Officials said harvesting must avoid slopes above a set gradient to limit erosion. Conservation groups called the timeline too fast for wildlife assessment.","2027-07-21","2027-11-30","British Columbia, Canada","British Columbia, Canada","Kettle Ridge fire; provincial fire officials; evacuation order","provincial government; salvage logging plan; conservation groups","DIFFERENT_EVENT","Same province and related subject matter, but an active wildfire and a later forestry policy decision are separate events four months apart."
"P0561","C050-A","C050-B","CRIME_050","CRIME_050","Crime","easy","paraphrase","Armed Robbery at Pellworth Cash Depot","Three masked people took cash from a security depot in Pellworth early Tuesday after forcing entry through a service door, police said. No injuries were reported and the sum taken has not been disclosed, though officers confirmed that a vehicle was loaded before the group left the site. Officers closed the surrounding streets for several hours while forensic teams examined the entrance and the loading bay. Police appealed for dashcam footage from drivers using the industrial road between four and six in the morning. The depot operator said its own review of security arrangements had begun.","Cash Depot Targeted in Early Morning Pellworth Raid","Police are investigating a break-in at a Pellworth cash-handling facility in which a group entered through a side service entrance and removed money before leaving. Nobody was hurt, and investigators have not said how much was taken. A cordon remained in place through the morning.","2027-02-09","2027-02-09","Pellworth, UK","Pellworth, UK","Pellworth cash depot; robbery; police","Pellworth depot; break-in; investigators","SAME_EVENT","Same robbery on the same morning at the same premises, reported in different words."
"P0562","C050-A","C051-A","CRIME_050","CRIME_051","Crime","medium","follow_up","Armed Robbery at Pellworth Cash Depot","Three masked people took cash from a security depot in Pellworth early Tuesday after forcing entry through a service door, police said. No injuries were reported and the sum taken has not been disclosed, though officers confirmed that a vehicle was loaded before the group left the site. Officers closed the surrounding streets for several hours while forensic teams examined the entrance and the loading bay. Police appealed for dashcam footage from drivers using the industrial road between four and six in the morning. The depot operator said its own review of security arrangements had begun.","Four Charged Over Pellworth Depot Robbery","Four people have been charged in connection with the February robbery at a Pellworth cash depot following arrests at addresses in two counties, police said. All four are due before magistrates on Monday. Officers said inquiries continue into the movement of the money.","2027-02-09","2027-04-16","Pellworth, UK","Pellworth, UK","Pellworth cash depot; robbery; police","Pellworth depot robbery; charges; police","DIFFERENT_EVENT","The charging decision follows the robbery but is a separate development two months later involving different facts and actors."
"P0563","C050-A","C052-A","CRIME_050","CRIME_052","Crime","very_hard","different_incident","Armed Robbery at Pellworth Cash Depot","Three masked people took cash from a security depot in Pellworth early Tuesday after forcing entry through a service door, police said. No injuries were reported and the sum taken has not been disclosed, though officers confirmed that a vehicle was loaded before the group left the site. Officers closed the surrounding streets for several hours while forensic teams examined the entrance and the loading bay. Police appealed for dashcam footage from drivers using the industrial road between four and six in the morning. The depot operator said its own review of security arrangements had begun.","Raid on Cash Facility in Bexford Under Investigation","A group forced a rear service entrance at a cash-handling site in Bexford early Friday and removed an undisclosed amount before leaving, police said. There were no injuries. Roads around the industrial estate were closed while officers examined the scene.","2027-02-09","2027-03-05","Pellworth, UK","Bexford, UK","Pellworth cash depot; robbery; police","Bexford cash facility; raid; police","DIFFERENT_EVENT","Two similar depot robberies in different towns three weeks apart, described in almost interchangeable terms but treated as separate investigations."
"P0564","C053-A","C053-B","CRIME_053","CRIME_053","Crime","medium","breaking_update","Larkhill Council Services Disrupted by Ransomware","Online services at Larkhill council were taken offline Monday after what officials described as a ransomware incident. Payments, licensing and library systems were unavailable.","Larkhill Says Payroll and Benefits Data Not Affected in Attack","Larkhill council said later Monday that its payroll and benefits systems were held separately and appear untouched by the ransomware that disabled public-facing services. Staff reverted to paper processes for licensing applications. The authority said it had notified the national cyber agency and would not discuss any ransom demand.","2026-12-15","2026-12-15","Larkhill, UK","Larkhill, UK","Larkhill council; ransomware; online services","Larkhill council; ransomware; national cyber agency","SAME_EVENT","Initial outage report and a same-day update on the identical ransomware incident at the same authority."
"P0565","C053-A","C054-A","CRIME_053","CRIME_054","Crime","hard","different_incident","Larkhill Council Services Disrupted by Ransomware","Online services at Larkhill council were taken offline Monday after what officials described as a ransomware incident. Payments, licensing and library systems were unavailable.","School District Closes Network After Ransomware Demand","A school district in Merrow shut its administrative network on Thursday following a ransomware demand, moving attendance and messaging to alternative systems. Teaching continued as normal. The district said no student records are believed to have been copied.","2026-12-15","2027-01-22","Larkhill, UK","Merrow, UK","Larkhill council; ransomware; online services","Merrow school district; ransomware; administrative network","DIFFERENT_EVENT","Two separate ransomware incidents at unrelated public bodies five weeks apart."
"P0566","C055-A","C055-B","CRIME_055","CRIME_055","Crime","medium","different_source","Six Charged Over Art Forgery Network","Prosecutors charged six people on Thursday over a scheme that sold forged twentieth-century paintings through small galleries and private sales, alleging proceeds of more than nine million. Two of those charged are said to have produced the works, using canvases stripped from period paintings of little value to pass basic material analysis. Searches were carried out at four addresses, including a workshop where investigators say pigments and unfinished canvases were recovered. The indictment covers 41 works sold between 2019 and 2024, though prosecutors said the true number may be higher and that several buyers had not come forward. Three galleries are described as having handled the pieces without knowledge of their origin. Defence lawyers for two of the accused said their clients would contest the charges.","Prosecutors Say Forged Canvases Passed Through Small Galleries","A prosecution announced Thursday alleges that fake works attributed to twentieth-century painters were placed with minor dealers and sold privately over several years. Six defendants face charges, with two accused of painting the pieces and the remainder of arranging sales. Investigators searched four properties before the charges were laid.","2027-05-27","2027-05-27","Cologne, Germany","Cologne, Germany","art forgery network; prosecutors; six defendants","forged canvases; prosecution; dealers","SAME_EVENT","Same charging announcement on the same day from two outlets, with different structure and no shared sentences."
"P0567","C055-A","C056-A","CRIME_055","CRIME_056","Crime","hard","follow_up","Six Charged Over Art Forgery Network","Prosecutors charged six people on Thursday over a scheme that sold forged twentieth-century paintings through small galleries and private sales, alleging proceeds of more than nine million. Two of those charged are said to have produced the works, using canvases stripped from period paintings of little value to pass basic material analysis. Searches were carried out at four addresses, including a workshop where investigators say pigments and unfinished canvases were recovered. The indictment covers 41 works sold between 2019 and 2024, though prosecutors said the true number may be higher and that several buyers had not come forward. Three galleries are described as having handled the pieces without knowledge of their origin. Defence lawyers for two of the accused said their clients would contest the charges.","Forgery Trial Opens With Dispute Over Expert Evidence","The trial of six defendants accused of producing and selling forged paintings began on Monday, with defence lawyers immediately challenging the methods used by the prosecution's authentication expert. The court set aside two days for argument on admissibility. Proceedings are listed for eleven weeks.","2027-05-27","2027-11-09","Cologne, Germany","Cologne, Germany","art forgery network; prosecutors; six defendants","forgery trial; defence lawyers; authentication expert","DIFFERENT_EVENT","Same case, but the charging announcement and the opening of the trial nearly six months later are distinct proceedings."
"P0568","C057-A","C057-B","CRIME_057","CRIME_057","Crime","medium","different_detail_level","Customs Seize 1.4 Tonnes of Cocaine at Belamar Port","Customs officers found 1.4 tonnes of cocaine hidden in a container of machinery parts at Belamar port, the agency said. Two people were detained at the terminal.","Belamar Seizure Followed Weeks of Container Profiling","The 1.4-tonne cocaine seizure at Belamar port came after several weeks of targeting shipments on a particular route, customs officials said, with the consignment declared as machinery parts and packed behind genuine cargo. Two people were detained at the terminal and a third later the same day at an address in the city. Officials said the shipment would have been among the largest to reach the port had it been collected, and that the investigation is being coordinated with authorities in two other countries where the container had been handled. The consignment was flagged by a risk-scoring system that weighs routing history, declared value and the profile of the importing company, which in this case had been registered only four months before the shipment. Scanning revealed inconsistencies in the density of the load, after which the container was opened under supervision. Officers said the packaging showed marks associated with a method seen in three earlier seizures at other ports, though they cautioned that such similarities are not conclusive. The port operator said normal cargo handling continued throughout the search, which took place in a dedicated inspection area away from the main quays. Customs added that the detained individuals include a terminal employee, and that internal access records are being examined as part of the case. A judicial decision on remand is expected this week. Customs said the seizure brings the total intercepted at the port this year past four tonnes, compared with 2.6 tonnes over the whole of last year, an increase officials attributed partly to expanded scanning capacity installed in the spring. The agency declined to say whether the container had been allowed to move under surveillance before being opened. Prosecutors are expected to decide within a week whether to bring charges against the importing company's registered director, who has not been located.","2027-06-18","2027-06-18","Belamar","Belamar","Belamar port; cocaine seizure; customs","Belamar port; cocaine seizure; customs; detentions","SAME_EVENT","Same seizure announced on the same day, given briefly in one article and with operational detail in the other."
"P0569","C057-A","C058-A","CRIME_057","CRIME_058","Crime","medium","different_incident","Customs Seize 1.4 Tonnes of Cocaine at Belamar Port","Customs officers found 1.4 tonnes of cocaine hidden in a container of machinery parts at Belamar port, the agency said. Two people were detained at the terminal.","Airport Seizure Nets 60 Kilograms in Luggage","Officers at Belamar international airport intercepted about 60 kilograms of cocaine distributed among the luggage of four arriving passengers, customs said. All four were arrested. The agency said the method suggested a courier operation rather than bulk trafficking.","2027-06-18","2027-07-02","Belamar","Belamar","Belamar port; cocaine seizure; customs","Belamar airport; cocaine seizure; customs; couriers","DIFFERENT_EVENT","Two separate seizures by the same agency in the same city two weeks apart, differing in scale, location and method."
"P0570","C059-A","C059-B","CRIME_059","CRIME_059","Crime","easy","paraphrase","Former Treasurer Sentenced for Embezzlement","A former city treasurer was sentenced to four years on Friday after admitting the theft of 1.8 million from municipal accounts over six years. The court ordered repayment of assets identified during the investigation. The scheme was uncovered during a routine audit.","Four-Year Term for Official Who Took Municipal Funds","The former treasurer of the city received a four-year custodial sentence after pleading guilty to taking 1.8 million from council accounts across six years. Judges also ordered the surrender of assets traced by investigators. An internal audit first exposed the discrepancies.","2027-08-13","2027-08-13","Riverbend County, USA","Riverbend County, USA","former city treasurer; embezzlement; sentencing","former treasurer; municipal funds; sentence","SAME_EVENT","Same sentencing hearing on the same date, differently phrased."
"P0571","C060-A","C060-B","CRIME_060","CRIME_060","Crime","hard","entity_normalization","Prosecutors Charge Operator of Marketplace Site Kaltrade","Prosecutors have charged the operator of the online marketplace Kaltrade with facilitating the sale of counterfeit goods and laundering the proceeds, alleging turnover of 40 million across three years. The site was taken offline last week. Two associates face related charges.","Counterfeit Marketplace Founder Faces Money Laundering Charges","The person behind a shopping platform shut down by investigators last week has been charged with enabling trade in fake branded goods and washing the resulting income, said to total tens of millions over three years. Two others connected to the operation are also charged. The platform had operated since 2022.","2027-09-05","2027-09-05","Warsaw, Poland","Warsaw, Poland","Kaltrade; prosecutors; counterfeit goods; money laundering","shopping platform; investigators; counterfeit goods; laundering","SAME_EVENT","Same charges announced the same day, with the marketplace named in one article and described generically in the other."
"P0572","C060-A","C063-A","CRIME_060","CRIME_063","Crime","medium","same_topic_different_event","Prosecutors Charge Operator of Marketplace Site Kaltrade","Prosecutors have charged the operator of the online marketplace Kaltrade with facilitating the sale of counterfeit goods and laundering the proceeds, alleging turnover of 40 million across three years. The site was taken offline last week. Two associates face related charges.","Police Dismantle Card Skimming Network Across Four Cities","Officers arrested eleven people accused of fitting skimming devices to payment terminals in shops across four cities and cloning cards for withdrawals abroad. Investigators said losses to banks and customers exceed two million. Equipment was seized at two workshops.","2027-09-05","2027-04-29","Warsaw, Poland","Kraków, Poland","Kaltrade; prosecutors; counterfeit goods","card skimming network; police; payment terminals","DIFFERENT_EVENT","Both are financial crime cases in the same country, but different offences, defendants and dates months apart."
"P0573","C061-A","C061-B","CRIME_061","CRIME_061","Crime","medium","different_style","Jury Convicts Two in Warehouse Theft Case","A jury convicted two men on Wednesday of stealing electronics worth 900,000 from a distribution warehouse, rejecting their account that they were moving stock on instructions from a manager who was never identified. Sentencing was adjourned for reports and both were remanded in custody. A third defendant was acquitted after the court heard that his shifts did not coincide with the periods when stock disappeared. The prosecution relied heavily on transfer records showing movements that had no corresponding entries in the warehouse management system, alongside footage from the loading bay. The company said it had since changed its authorisation procedures for out-of-hours despatch. Police said inquiries continue into where the goods were sold.","The Paperwork Decided the Warehouse Case","What sank the defence in Wednesday's warehouse verdict was not the surveillance footage, which showed little that was disputed, but the transfer documents: none of the movements the two men described as instructed appeared in the system. The jury acquitted the third man, whose shifts did not line up with the losses. Sentencing waits on reports.","2027-10-01","2027-10-03","Bexford, UK","Bexford, UK","warehouse theft trial; jury; two convicted","warehouse verdict; transfer documents; acquittal","SAME_EVENT","Court report and an analytical piece on the identical verdict, the analysis published two days after the jury returned."
"P0574","C062-A","C062-B","CRIME_062","CRIME_062","Crime","medium","different_source","Stolen Manuscripts Recovered From Storage Unit","Police recovered eleven manuscripts stolen from a university library in 2023 after searching a rented storage unit, the force said. The items were undamaged and have been returned to conservators. One person has been arrested.","University Library Confirms Return of Missing Volumes","A university library said eleven handwritten volumes taken four years ago are back in its conservation department after officers located them in commercial storage. Staff described the condition as better than feared. Police have made an arrest in connection with the case.","2027-10-20","2027-10-20","Leiden, Netherlands","Leiden, Netherlands","stolen manuscripts; police; storage unit","university library; recovered volumes; conservation department","SAME_EVENT","Same recovery announced on the same day, from the police and institutional perspectives."
"P0575","C064-A","C064-B","CRIME_064","CRIME_064","Crime","easy","paraphrase","Two Arrested Over Copper Cable Thefts on Rail Line","Two people were arrested on Tuesday in connection with a series of copper cable thefts that disrupted rail services on the northern line, police said. Signalling cable had been cut at four locations since June. Repairs cost the operator an estimated 600,000.","Arrests Follow Months of Signalling Cable Thefts","Police detained two individuals over repeated thefts of copper signalling cable that caused delays on the northern rail route, with cuts recorded at four sites since the summer. The rail operator has put repair costs at around 600,000. Both were held on Tuesday.","2027-11-16","2027-11-16","Northern line, UK","Northern line, UK","cable thefts; police; rail operator","signalling cable thefts; police; rail operator","SAME_EVENT","Same arrests reported on the same day in different wording."
"P0576","C064-A","C065-A","CRIME_064","CRIME_065","Crime","hard","same_topic_different_event","Two Arrested Over Copper Cable Thefts on Rail Line","Two people were arrested on Tuesday in connection with a series of copper cable thefts that disrupted rail services on the northern line, police said. Signalling cable had been cut at four locations since June. Repairs cost the operator an estimated 600,000.","Substation Cable Theft Cuts Power to Industrial Estate","Thieves removed earthing cable from a substation serving an industrial estate overnight, cutting power to a dozen businesses for most of Thursday, the distribution operator said. Police are examining vehicle movements in the area. The operator warned that such thefts carry a serious electrocution risk.","2027-11-16","2027-12-04","Northern line, UK","Bexford, UK","cable thefts; police; rail operator","substation cable theft; distribution operator; police","DIFFERENT_EVENT","Both concern metal theft with similar language, but different targets, operators, locations and dates."
"P0577","C066-A","C066-B","CRIME_066","CRIME_066","Crime","medium","different_detail_level","Cybercrime Unit Seizes Servers Used for Phishing Kits","Investigators seized twelve servers hosting phishing kits sold to criminal groups, the cybercrime unit said, following cooperation with providers in three countries. Records recovered are expected to identify customers.","Servers Behind Phishing Kit Service Taken Offline","A cybercrime unit has taken down twelve servers that distributed ready-made phishing pages to buyers who paid a monthly subscription, working with hosting companies in three jurisdictions. Investigators said the service supplied templates imitating banks and delivery firms, with support offered through a messaging channel. Records recovered from the machines are expected to identify customers, and officers said arrests in several countries would likely follow. The unit declined to say how many subscribers the service had.","2027-07-27","2027-07-27","The Hague, Netherlands","The Hague, Netherlands","cybercrime unit; phishing kit servers; hosting providers","cybercrime unit; phishing service; subscribers","SAME_EVENT","Same takedown announced the same day, one short and one detailed."
"P0578","C066-A","C067-A","CRIME_066","CRIME_067","Crime","very_hard","same_entities_different_date","Cybercrime Unit Seizes Servers Used for Phishing Kits","Investigators seized twelve servers hosting phishing kits sold to criminal groups, the cybercrime unit said, following cooperation with providers in three countries. Records recovered are expected to identify customers.","Cybercrime Unit Seizes Servers Behind Credential Marketplace","Investigators have seized nine servers that hosted a marketplace selling stolen login credentials, the cybercrime unit said, after working with hosting providers in two countries. Material recovered from the machines is expected to help identify buyers. Arrests are anticipated in several jurisdictions.","2027-07-27","2027-12-09","The Hague, Netherlands","The Hague, Netherlands","cybercrime unit; phishing kit servers; hosting providers","cybercrime unit; credential marketplace servers; hosting providers","DIFFERENT_EVENT","Same unit, same city and nearly identical sentence patterns, but two separate takedowns of different criminal services four months apart."
"P0579","C068-A","C068-B","CRIME_068","CRIME_068","Crime","easy","different_source","Man Charged Over Series of Shop Break-Ins","A 34-year-old has been charged with eleven counts of burglary following a series of overnight break-ins at shops in the town centre since August, police said. He appeared in court on Friday and was remanded.","Court Remands Suspect in Town Centre Burglary Series","A defendant faces eleven burglary charges connected to overnight entries at town centre premises over recent months and was remanded in custody after a short hearing on Friday. Police said inquiries into further incidents continue.","2027-12-10","2027-12-10","Bexford, UK","Bexford, UK","burglary charges; police; court hearing","burglary charges; court; police","SAME_EVENT","Same charging and court appearance on the same day reported by two outlets."
"P0580","C059-A","C069-A","CRIME_059","CRIME_069","Crime","hard","different_incident","Former Treasurer Sentenced for Embezzlement","A former city treasurer was sentenced to four years on Friday after admitting the theft of 1.8 million from municipal accounts over six years. The court ordered repayment of assets identified during the investigation. The scheme was uncovered during a routine audit.","School Finance Officer Convicted of Diverting Funds","A finance officer at a school trust was convicted of diverting 640,000 from supplier payments to accounts she controlled over four years. The offence came to light when a supplier queried an unpaid invoice. Sentencing will take place next month.","2027-08-13","2027-09-22","Riverbend County, USA","Ashfield, USA","former city treasurer; embezzlement; sentencing","school finance officer; diverted funds; conviction","DIFFERENT_EVENT","Two separate embezzlement cases with different defendants, institutions, sums and stages of proceedings six weeks apart."
"P0581","EN050-A","EN050-B","ENT_050","ENT_050","Entertainment","easy","paraphrase","Salt Harbour Takes Top Prize at Vireo Festival","The drama Salt Harbour won the main award at the Vireo Film Festival on Saturday, with the jury praising its handling of a small fishing town's decline. It is the first feature by its director to compete at the festival, having been developed through a regional funding scheme over four years. Distribution deals for three territories were signed during the week, and the producers said talks continue for two more. The jury president described the decision as reached without extended argument. A second prize went to a documentary about seasonal labour.","Fishing Town Drama Wins Vireo's Main Award","Vireo's jury gave its principal prize to Salt Harbour, a first competition entry for its director, citing the film's treatment of a community losing its industry. Buyers picked up rights for three territories over the course of the festival. The award was announced at Saturday's closing ceremony.","2027-09-12","2027-09-12","Vireo","Vireo","Salt Harbour; Vireo Film Festival; jury","Salt Harbour; Vireo; closing ceremony","SAME_EVENT","Same award announcement at the same ceremony on the same date, reworded."
"P0582","EN050-A","EN051-A","ENT_050","ENT_051","Entertainment","very_hard","same_entities_different_date","Salt Harbour Takes Top Prize at Vireo Festival","The drama Salt Harbour won the main award at the Vireo Film Festival on Saturday, with the jury praising its handling of a small fishing town's decline. It is the first feature by its director to compete at the festival, having been developed through a regional funding scheme over four years. Distribution deals for three territories were signed during the week, and the producers said talks continue for two more. The jury president described the decision as reached without extended argument. A second prize went to a documentary about seasonal labour.","Quarry Road Wins Vireo's Main Award","The Vireo Film Festival gave its principal prize to Quarry Road, a drama set in a declining mining district, with the jury commending its restraint. The director had previously shown a short at the festival. Rights for four territories were sold during the event.","2027-09-12","2028-09-10","Vireo","Vireo","Salt Harbour; Vireo Film Festival; jury","Quarry Road; Vireo Film Festival; jury","DIFFERENT_EVENT","Same festival, same prize and closely parallel description, but two different films winning in consecutive years."
"P0583","EN052-A","EN052-B","ENT_052","ENT_052","Entertainment","medium","different_source","Mont to Direct Adaptation of Winter Ledger","The director Aurelie Mont will make her next film from the novel Winter Ledger, the production company said, with shooting planned for late summer in Normandy. Mont wrote the screenplay herself over eighteen months, working from a first translation of the book she read while finishing her previous feature. Casting has not been announced, though the producers said discussions were under way for the two central roles. The novel, published in 2014, follows a family running a coastal freight business across three generations, a structure the producers acknowledged would require substantial compression. Financing is in place from a national fund and two international distributors. Mont said in a statement that she intended to shoot in sequence where the schedule allowed.","Novel Adaptation Confirmed as Mont's Next Project","Aurelie Mont's follow-up will be an adaptation of Winter Ledger, according to the company producing the film, which said principal photography is scheduled for the end of summer on the Normandy coast. Mont handled the script alone. No performers have been attached publicly.","2027-03-11","2027-03-11","Paris, France","Paris, France","Aurelie Mont; Winter Ledger; production company","Aurelie Mont; Winter Ledger adaptation; producers","SAME_EVENT","Same project announcement on the same day, differently constructed."
"P0584","EN052-A","EN053-A","ENT_052","ENT_053","Entertainment","hard","follow_up","Mont to Direct Adaptation of Winter Ledger","The director Aurelie Mont will make her next film from the novel Winter Ledger, the production company said, with shooting planned for late summer in Normandy. Mont wrote the screenplay herself over eighteen months, working from a first translation of the book she read while finishing her previous feature. Casting has not been announced, though the producers said discussions were under way for the two central roles. The novel, published in 2014, follows a family running a coastal freight business across three generations, a structure the producers acknowledged would require substantial compression. Financing is in place from a national fund and two international distributors. Mont said in a statement that she intended to shoot in sequence where the schedule allowed.","Filming Begins on Winter Ledger in Normandy","Cameras rolled this week on Winter Ledger, with a cast led by two performers announced in June and a shoot expected to run eleven weeks across coastal locations. Local authorities agreed road closures for three days of exterior work. The production said interiors would be built at a studio outside Caen.","2027-03-11","2027-08-04","Paris, France","Normandy, France","Aurelie Mont; Winter Ledger; production company","Winter Ledger; Normandy shoot; cast","DIFFERENT_EVENT","Same film, but the project announcement and the start of production five months later are separate events with different details."
"P0585","EN054-A","EN054-B","ENT_054","ENT_054","Entertainment","medium","different_detail_level","Harrow Lane Announce Reunion Tour","The band Harrow Lane will tour next year for the first time since 2016, with eighteen dates announced. All four original members are taking part.","Harrow Lane Return With Eighteen-Date Run and Original Line-Up","Harrow Lane have confirmed a reunion tour running from March to June with eighteen shows in mid-sized halls, their first live dates since the group stopped touring in 2016. All four original members are taking part, including the guitarist who left before the final album and has not performed with the others in more than a decade. The band said the run would not be extended and that no new recording is planned, describing the tour as a single project rather than a return to regular activity. Tickets go on general sale in a fortnight after a fan presale, with prices the band said had been kept below the level suggested by promoters and a limit of four per buyer to discourage resale. The set list will draw mainly on the group's second and third albums, according to the singer, who said the material from the final record had never worked well live. Venues range from 2,000 to 5,000 capacity, a deliberate choice made after the band rejected proposals for a smaller number of arena dates. Rehearsals begin in January in a converted warehouse outside the city where the group first recorded. The drummer said the members had met several times over the past two years before agreeing to the project, and that the decision followed a one-off performance at a friend's memorial concert. Promoters said the band had turned down offers to add festival appearances during the same period. Two support acts will be announced in February, both drawn from the region where the group formed. The singer said the members had agreed in advance that no decision about further activity would be discussed until the final date has been played, an arrangement he described as the only way the four of them could agree to do it at all.","2027-01-15","2027-01-15","London, UK","London, UK","Harrow Lane; reunion tour","Harrow Lane; reunion tour; original line-up; ticket sale","SAME_EVENT","Brief item and full announcement piece on the identical tour reveal on the same day."
"P0586","EN054-A","EN055-A","ENT_054","ENT_055","Entertainment","hard","same_entity_different_event","Harrow Lane Announce Reunion Tour","The band Harrow Lane will tour next year for the first time since 2016, with eighteen dates announced. All four original members are taking part.","Harrow Lane Cancel Two Dates on Medical Advice","Harrow Lane have cancelled shows in two cities after their drummer was advised to rest, the band said, with refunds available at the point of purchase. The remaining dates are unchanged. The group apologised and said they hoped to reschedule in the autumn.","2027-01-15","2027-06-20","London, UK","Manchester, UK","Harrow Lane; reunion tour","Harrow Lane; cancelled dates; refunds","DIFFERENT_EVENT","Same band and tour, but the announcement and a later cancellation of specific dates are separate events five months apart."
"P0587","EN056-A","EN056-B","ENT_056","ENT_056","Entertainment","medium","different_style","Gilded Coast Renewed for Third Season","The streaming service has ordered a third season of the drama Gilded Coast, with production due to begin in the spring. The show's creator will return as writer. Cast contracts were extended earlier this year.","Renewing Gilded Coast Was the Easy Part","A third season for Gilded Coast was never really in doubt once the cast options were picked up in the winter, and the service confirmed it this week. What matters is the schedule: a spring start pushes the season past the point where the show has previously landed, into a busier part of the year. The creator's return is the more meaningful detail.","2027-02-27","2027-02-28","Los Angeles, USA","Los Angeles, USA","Gilded Coast; streaming service; third season","Gilded Coast; renewal; series creator","SAME_EVENT","Trade report and commentary on the identical renewal announcement, the commentary appearing the next day."
"P0588","EN056-A","EN057-A","ENT_056","ENT_057","Entertainment","hard","different_incident","Gilded Coast Renewed for Third Season","The streaming service has ordered a third season of the drama Gilded Coast, with production due to begin in the spring. The show's creator will return as writer. Cast contracts were extended earlier this year.","Northgate Cancelled After Two Seasons","A rival streaming platform has cancelled the drama Northgate after two seasons, telling the production team the decision reflects viewing figures against cost. The final episodes remain available. Producers said they would look for another home for a planned third run.","2027-02-27","2027-03-04","Los Angeles, USA","Los Angeles, USA","Gilded Coast; streaming service; renewal","Northgate; rival platform; cancellation","DIFFERENT_EVENT","Different shows on different services with opposite decisions five days apart."
"P0589","EN058-A","EN058-B","ENT_058","ENT_058","Entertainment","hard","entity_normalization","The Quiet Ledger Wins Aldermoor Prize","The novel The Quiet Ledger won the Aldermoor Prize for fiction on Tuesday evening, with the chair of judges describing the book's structure as its central achievement. The author becomes the second debut writer to take the award in a decade, and the first to do so with a book published by a house of fewer than ten staff. The prize carries 50,000, and past winners have typically seen sales increase several times over in the months that follow. Judges said the decision came after three rounds of discussion, with two other titles remaining in contention until the final session. The chair noted that the shortlist had been unusually varied in form. The winner said she had written most of the book in the year after leaving a job in shipping insurance.","Debut Novel Takes Major Fiction Award","A first novel has won the country's most prominent fiction award, announced at a ceremony on Tuesday, with judges singling out the way the book is put together rather than its subject. It is only the second debut to win in ten years. The winner receives 50,000.","2027-10-05","2027-10-05","London, UK","London, UK","The Quiet Ledger; Aldermoor Prize; judges","debut novel; fiction award; judges","SAME_EVENT","Same prize announcement on the same evening, with the book and award named in one article and described generically in the other."
"P0590","EN058-A","EN059-A","ENT_058","ENT_059","Entertainment","medium","different_incident","The Quiet Ledger Wins Aldermoor Prize","The novel The Quiet Ledger won the Aldermoor Prize for fiction on Tuesday evening, with the chair of judges describing the book's structure as its central achievement. The author becomes the second debut writer to take the award in a decade, and the first to do so with a book published by a house of fewer than ten staff. The prize carries 50,000, and past winners have typically seen sales increase several times over in the months that follow. Judges said the decision came after three rounds of discussion, with two other titles remaining in contention until the final session. The chair noted that the shortlist had been unusually varied in form. The winner said she had written most of the book in the year after leaving a job in shipping insurance.","Harbourlight Prize Goes to Essay Collection","The Harbourlight Prize for non-fiction was awarded to an essay collection on coastal industry, judges announced, praising its reporting across four decades. The author has published two previous books. The award is worth 30,000.","2027-10-05","2027-11-12","London, UK","Edinburgh, UK","The Quiet Ledger; Aldermoor Prize; judges","Harbourlight Prize; essay collection; judges","DIFFERENT_EVENT","Two different literary prizes for different books and categories five weeks apart."
"P0591","EN060-A","EN060-B","ENT_060","ENT_060","Entertainment","medium","different_source","Ferryman's Daughter Opens in the West End","The musical Ferryman's Daughter opened at a West End theatre on Thursday after a run in the north, with a cast of twenty-two and a score performed by a twelve-piece band. Producers said the transfer had been planned since the spring. Booking runs to March.","Northern Transfer Arrives With Twelve-Piece Band","A musical that began life in a regional playhouse reached the West End on Thursday, bringing its twenty-two performers and a live band of twelve players. The production has been aiming at a transfer since earlier in the year. Tickets are on sale through to March.","2027-04-22","2027-04-22","London, UK","London, UK","Ferryman's Daughter; West End opening; producers","musical transfer; West End; production","SAME_EVENT","Same opening night covered by two outlets on the same date with different framing."
"P0592","EN061-A","EN062-A","ENT_061","ENT_062","Entertainment","hard","follow_up","Ashfall Country Delayed to Autumn","The studio behind Ashfall Country has pushed the game's release back by four months, citing performance work on older consoles. Pre-orders will be honoured at the original price. It is the second delay for the title.","Ashfall Country Released After Two Delays","Ashfall Country arrived on Friday, some eight months later than first scheduled, with the studio saying the extra time went into performance on older hardware and a reworked opening chapter. Reviews published at launch were broadly positive about the setting and mixed on pacing, with several noting that the middle section asks players to repeat travel across the same terrain more often than the design supports. The studio said a patch addressing save issues was already in preparation and would arrive within two weeks, following reports from players whose progress failed to persist after quitting during certain sequences. The reworked opening replaces what the director described as an extended tutorial with a shorter sequence that introduces mechanics through the first major location instead. Performance on previous-generation consoles was the stated reason for the second delay, and early testing suggests the target frame rate holds outside the largest settlement, where drops remain noticeable. The studio employs about ninety people and has said publicly that it did not extend working hours during the delay period, a claim two staff members repeated in interviews this week. Sales figures were not released, though the game reached the upper positions of two digital storefronts on the first day. A story expansion is planned but has no date, and the director said the team would take a break before beginning work on it. Retailers reported that physical editions sold through more slowly than the digital version, a pattern the studio said reflected its decision not to fund a large boxed print run. The publisher confirmed that no additional content had been cut during either delay and that the shipped game matches the feature list published two years ago. Community managers said they would post a schedule for the first three patches within days.","2027-05-13","2027-09-26","Helsinki, Finland","Helsinki, Finland","Ashfall Country; studio; release delay","Ashfall Country; release; reviews; patch","DIFFERENT_EVENT","Same game, but a delay announcement and the eventual release four months later are separate events."
"P0593","EN061-A","EN061-B","ENT_061","ENT_061","Entertainment","medium","breaking_update","Ashfall Country Delayed to Autumn","The studio behind Ashfall Country has pushed the game's release back by four months, citing performance work on older consoles. Pre-orders will be honoured at the original price. It is the second delay for the title.","Studio Confirms No Further Content Cuts With Ashfall Delay","Following Thursday's announcement of a four-month delay, the developers of Ashfall Country told players that no planned areas or features had been removed and that the additional time is going into frame-rate work on previous-generation machines. The studio said staff would not be asked to work extended hours. Pre-order pricing stands.","2027-05-13","2027-05-13","Helsinki, Finland","Helsinki, Finland","Ashfall Country; studio; release delay","Ashfall Country; developers; delay; frame-rate work","SAME_EVENT","Initial delay report and a same-day follow-on statement about the identical announcement."
"P0594","EN063-A","EN064-A","ENT_063","ENT_064","Entertainment","easy","different_incident","Museum Announces Retrospective of Sculptor Ines Halden","The city museum will stage a retrospective of the sculptor Ines Halden from October, bringing together around ninety works including several never shown publicly. Loans have been agreed with four institutions. The exhibition runs for five months.","Gallery Plans Photography Survey for Spring","A gallery in Marnholt City will open a survey of documentary photography from the 1970s onward in March, drawing mainly on its own holdings. Curators said about 140 prints will be shown. The exhibition closes in July.","2027-07-08","2027-11-25","Loverton, UK","Marnholt City, Marnholt","city museum; Ines Halden retrospective; loans","Marnholt gallery; photography survey; curators","DIFFERENT_EVENT","Two unrelated exhibition announcements by different institutions in different countries months apart."
"P0595","EN055-A","EN065-A","ENT_055","ENT_065","Entertainment","very_hard","different_incident","Harrow Lane Cancel Two Dates on Medical Advice","Harrow Lane have cancelled shows in two cities after their drummer was advised to rest, the band said, with refunds available at the point of purchase. The remaining dates are unchanged. The group apologised and said they hoped to reschedule in the autumn.","Ferrow Bay Call Off Two Shows on Medical Grounds","Ferrow Bay have called off concerts in two cities after their singer was told to rest her voice, the band said, with refunds issued automatically. Other dates on the tour go ahead as planned. The group said it hoped to add replacement shows later in the year.","2027-06-20","2027-07-29","Manchester, UK","Bristol, UK","Harrow Lane; cancelled dates; refunds","Ferrow Bay; cancelled shows; refunds","DIFFERENT_EVENT","Two different bands cancelling two dates each for medical reasons, described in almost identical language six weeks apart."
"P0596","EN060-A","EN066-A","ENT_060","ENT_066","Entertainment","hard","same_location_different_event","Ferryman's Daughter Opens in the West End","The musical Ferryman's Daughter opened at a West End theatre on Thursday after a run in the north, with a cast of twenty-two and a score performed by a twelve-piece band. Producers said the transfer had been planned since the spring. Booking runs to March.","Revival of Cold Comfort Opens Two Streets Away","A revival of the play Cold Comfort opened on Tuesday at a theatre in the same West End district, with a cast of six and a run booked through to February. The director staged the same text at a studio venue in 2019. Critics attended the first two previews.","2027-04-22","2027-05-04","London, UK","London, UK","Ferryman's Daughter; West End opening","Cold Comfort revival; West End theatre; director","DIFFERENT_EVENT","Two different productions opening in the same theatre district within a fortnight, with different casts, forms and creative teams."
"P0597","EN057-A","EN067-A","ENT_057","ENT_067","Entertainment","medium","same_entity_different_event","Northgate Cancelled After Two Seasons","A rival streaming platform has cancelled the drama Northgate after two seasons, telling the production team the decision reflects viewing figures against cost. The final episodes remain available. Producers said they would look for another home for a planned third run.","Same Platform Orders Two New Drama Series","The streaming platform has commissioned two new drama series, one a legal thriller and one a period piece, with production on both starting next year. Executives said the slate reflects a shift toward returning formats. Neither project has a cast attached.","2027-03-04","2027-08-17","Los Angeles, USA","Los Angeles, USA","Northgate; streaming platform; cancellation","streaming platform; new drama commissions","DIFFERENT_EVENT","Same platform making unrelated programming decisions five months apart, one a cancellation and one a set of commissions."
"P0598","EN050-A","EN058-A","ENT_050","ENT_058","Entertainment","easy","same_topic_different_event","Salt Harbour Takes Top Prize at Vireo Festival","The drama Salt Harbour won the main award at the Vireo Film Festival on Saturday, with the jury praising its handling of a small fishing town's decline. It is the first feature by its director to compete at the festival, having been developed through a regional funding scheme over four years. Distribution deals for three territories were signed during the week, and the producers said talks continue for two more. The jury president described the decision as reached without extended argument. A second prize went to a documentary about seasonal labour.","The Quiet Ledger Wins Aldermoor Prize","The novel The Quiet Ledger won the Aldermoor Prize for fiction on Tuesday evening, with the chair of judges describing the book's structure as its central achievement. The author becomes the second debut writer to take the award in a decade, and the first to do so with a book published by a house of fewer than ten staff. The prize carries 50,000, and past winners have typically seen sales increase several times over in the months that follow. Judges said the decision came after three rounds of discussion, with two other titles remaining in contention until the final session. The chair noted that the shortlist had been unusually varied in form. The winner said she had written most of the book in the year after leaving a job in shipping insurance.","2027-09-12","2027-10-05","Vireo","London, UK","Salt Harbour; Vireo Film Festival; jury","The Quiet Ledger; Aldermoor Prize; judges","DIFFERENT_EVENT","A film festival award and a literary prize in different countries three weeks apart, sharing only the awards framing."
"P0599","EN054-A","EN068-A","ENT_054","ENT_068","Entertainment","easy","different_incident","Harrow Lane Announce Reunion Tour","The band Harrow Lane will tour next year for the first time since 2016, with eighteen dates announced. All four original members are taking part.","Solo Album and Tour Announced by Former Session Player","A guitarist known for session work has announced a solo album for October and a twelve-date club tour to follow, his first shows under his own name. The record was made over two years between other commitments. Tickets go on sale next month.","2027-01-15","2027-06-02","London, UK","Nashville, USA","Harrow Lane; reunion tour","solo album; club tour; guitarist","DIFFERENT_EVENT","Different artists, formats and countries months apart, connected only by both being tour announcements."
"P0600","EN062-A","EN069-A","ENT_062","ENT_069","Entertainment","medium","different_incident","Ashfall Country Released After Two Delays","Ashfall Country arrived on Friday, some eight months later than first scheduled, with the studio saying the extra time went into performance on older hardware and a reworked opening chapter. Reviews published at launch were broadly positive about the setting and mixed on pacing, with several noting that the middle section asks players to repeat travel across the same terrain more often than the design supports. The studio said a patch addressing save issues was already in preparation and would arrive within two weeks, following reports from players whose progress failed to persist after quitting during certain sequences. The reworked opening replaces what the director described as an extended tutorial with a shorter sequence that introduces mechanics through the first major location instead. Performance on previous-generation consoles was the stated reason for the second delay, and early testing suggests the target frame rate holds outside the largest settlement, where drops remain noticeable. The studio employs about ninety people and has said publicly that it did not extend working hours during the delay period, a claim two staff members repeated in interviews this week. Sales figures were not released, though the game reached the upper positions of two digital storefronts on the first day. A story expansion is planned but has no date, and the director said the team would take a break before beginning work on it. Retailers reported that physical editions sold through more slowly than the digital version, a pattern the studio said reflected its decision not to fund a large boxed print run. The publisher confirmed that no additional content had been cut during either delay and that the shipped game matches the feature list published two years ago. Community managers said they would post a schedule for the first three patches within days.","Tidewrack Launches to Strong Early Sales","The strategy game Tidewrack went on sale this week and reached the top of two digital storefronts within days, its developer said. Reviews highlighted the campaign structure while noting a steep opening difficulty. A content update is planned for the winter.","2027-09-26","2027-10-29","Helsinki, Finland","Warsaw, Poland","Ashfall Country; studio; release; reviews","Tidewrack; developer; release; reviews","DIFFERENT_EVENT","Two different games from different studios released a month apart, with similar launch-coverage structure."
