"pair_id","article_a_id","article_b_id","event_a_id","event_b_id","category","difficulty","relationship_type","article_a_title","article_a_text","article_b_title","article_b_text","date_a","date_b","location_a","location_b","entities_a","entities_b","ground_truth","reason"
"P0901","T200-A","T200-B","TECH_200","TECH_200","Technology","easy","paraphrase","Corvalen Systems Launches Thistledown Voice Chip","Corvalen Systems launched Thistledown on Tuesday, a low-power chip designed to run voice-recognition models entirely on small household devices without a network connection. The company said the chip draws under 200 milliwatts during active listening. Executives demonstrated the part inside a prototype smart speaker at a briefing in Leipzig.","Leipzig Firm Unveils On-Device Voice Recognition Chip","Corvalen Systems has introduced a chip called Thistledown that performs voice recognition locally on compact devices, cutting reliance on cloud servers for basic commands. The company said power draw stays below 200 milliwatts while listening. A prototype speaker running the chip was shown to reporters in Leipzig.","2026-09-02","2026-09-02","Leipzig, Germany","Leipzig, Germany","Corvalen Systems; Thistledown chip","Corvalen Systems; Thistledown","SAME_EVENT","Same chip launch in the same city on the same day, told in different words."
"P0902","T200-A","T201-A","TECH_200","TECH_201","Technology","medium","same_entity_different_event","Corvalen Systems Launches Thistledown Voice Chip","Corvalen Systems launched Thistledown on Tuesday, a low-power chip designed to run voice-recognition models entirely on small household devices without a network connection. The company said the chip draws under 200 milliwatts during active listening. Executives demonstrated the part inside a prototype smart speaker at a briefing in Leipzig.","Corvalen Systems Opens Test Lab in Porto","Corvalen Systems has opened a hardware testing facility in Porto, its first outside Germany, to support certification of devices using its chips. The lab can run thermal and radio-interference tests that previously required outside contractors, a change the company said would shorten certification timelines for customers building products around its audio and voice chips. About 40 engineers will staff the site, with recruitment focused on radio-frequency specialists drawn partly from a local university programme. Corvalen said the facility would also handle reliability testing for automotive-grade parts, a market it has been trying to enter for two years. The company did not disclose the investment figure but said the site had been planned since a review of certification bottlenecks last year.","2026-09-02","2026-11-18","Leipzig, Germany","Porto, Portugal","Corvalen Systems; Thistledown chip","Corvalen Systems; Porto test lab","DIFFERENT_EVENT","Same company, but a product launch and a separate facility opening more than two months later are different events."
"P0903","T202-A","T202-B","TECH_202","TECH_202","Technology","medium","different_source","Fennwick Cloud Suffers Regional Outage","Fennwick Cloud's eastern European region went down for roughly ninety minutes on Thursday, the company said, affecting customers relying on that zone for storage and compute. Engineers traced the fault to a failed network switch. Service was restored by mid-afternoon.","Ninety-Minute Outage Hits Fennwick's Eastern Region","Customers using Fennwick Cloud's eastern European infrastructure lost access for about ninety minutes on Thursday after a network switch failed, the provider said. The company said redundant paths did not activate as designed. Full service returned by mid-afternoon.","2027-01-08","2027-01-08","Warsaw, Poland","Warsaw, Poland","Fennwick Cloud; regional outage; network switch","Fennwick Cloud; outage; redundant paths","SAME_EVENT","Two reports of the same outage on the same day, differing in structure but not substance."
"P0904","T202-A","T203-A","TECH_202","TECH_203","Technology","hard","different_incident","Fennwick Cloud Suffers Regional Outage","Fennwick Cloud's eastern European region went down for roughly ninety minutes on Thursday, the company said, affecting customers relying on that zone for storage and compute. Engineers traced the fault to a failed network switch. Service was restored by mid-afternoon.","Bramstell Hosting Reports Separate Outage in Same Region","Bramstell Hosting said a routing error knocked out service to customers in eastern Europe for about forty minutes on Monday, unrelated to the outage at a competing provider the previous week. The company said a configuration change had not been tested adequately before deployment, and that the change had been intended to improve failover between two data centres rather than affect live traffic. Engineers rolled back the change within thirty minutes of the first alerts, though full recovery took longer as cached routes propagated. Bramstell said it was reviewing its change-management process and would require a second engineer to approve routing changes going forward. Customers on the affected tier receive service credits under the company's standard terms, which Bramstell said would be applied automatically without customers needing to file a claim.","2027-01-08","2027-01-12","Warsaw, Poland","Warsaw, Poland","Fennwick Cloud; regional outage; network switch","Bramstell Hosting; outage; routing error","DIFFERENT_EVENT","Two different cloud providers experiencing separate outages in the same region days apart, explicitly described as unrelated."
"P0905","T204-A","T204-B","TECH_204","TECH_204","Technology","medium","different_detail_level","Aldervine Robotics Ships First Warehouse Picking Arm","Aldervine Robotics began shipping its first warehouse picking arm to customers on Monday.","Aldervine's Picking Arm Reaches First Customers","The picking arm developed by Aldervine Robotics started arriving at customer warehouses this week, following eighteen months of pilot testing with two logistics firms. The company said the arm can identify and grip roughly 400 distinct item shapes without reprogramming, using a vision system trained on data gathered during the pilots. Aldervine said it has orders for 60 units through the end of the year, with delivery slots now booking into next spring.","2027-04-12","2027-04-12","Eindhoven, Netherlands","Eindhoven, Netherlands","Aldervine Robotics; picking arm shipment","Aldervine Robotics; picking arm; pilot testing","SAME_EVENT","Short item and detailed report on the identical shipment milestone on the same day."
"P0906","T205-A","T205-B","TECH_205","TECH_205","Technology","very_hard","entity_normalization","Regulator Fines Marrowgate Over Location Data Practices","The data protection regulator fined Marrowgate 18 million on Wednesday, finding that the company's navigation app collected location history beyond what its stated purpose required. Marrowgate has ninety days to change its data retention practices. The company said it disagreed with parts of the finding.","Watchdog Penalises Navigation App Maker","The privacy watchdog has penalised the maker of a widely used navigation app, ruling that location data was kept and used well beyond the stated purpose of the collection. The company must revise its retention practices within three months. It indicated it may contest elements of the decision.","2026-12-04","2026-12-04","Brussels, Belgium","Brussels, Belgium","data protection regulator; Marrowgate; location data fine","privacy watchdog; navigation app maker","SAME_EVENT","Same enforcement decision on the same day, with the regulator and company named formally in one article and described generically in the other."
"P0907","T206-A","T206-B","TECH_206","TECH_206","Technology","easy","paraphrase","Solmere Labs Open-Sources Image Compression Codec","Solmere Labs released its Palisade image codec as open source on Friday, saying independent tests show file sizes roughly 20 percent smaller than a common existing format at equal visual quality. The code is available under a permissive licence. Solmere said it would continue development in the open.","Palisade Codec Goes Open Source","Solmere Labs has made its Palisade image codec freely available under an open licence, with the company citing internal benchmarks showing about 20 percent smaller files than a widely used alternative at comparable quality. Future development will happen in public. The release went live Friday.","2027-06-11","2027-06-11","Stockholm, Sweden","Stockholm, Sweden","Solmere Labs; Palisade codec; open source","Solmere Labs; Palisade codec","SAME_EVENT","Same open-source release on the same date in different wording."
"P0908","T207-A","T212-A","TECH_207","TECH_212","Technology","medium","follow_up","Corivex Health App Pulled After Data Exposure","The Corivex health-tracking app was removed from app stores on Tuesday after researchers found that a misconfigured server exposed user records, the company said. Corivex said it was investigating scope.","Corivex Announces Compensation Fund for Affected Users","Corivex said it would offer account credits to users affected by the earlier data exposure, following criticism over its initial response. The fund covers roughly 600,000 accounts identified in the incident. The company said the credits would be applied automatically within thirty days.","2027-08-17","2027-09-14","San Diego, USA","San Diego, USA","Corivex; app removal; data exposure","Corivex; compensation fund; affected users","DIFFERENT_EVENT","The exposure disclosure and the later compensation announcement are separate reported developments about four weeks apart."
"P0909","T208-A","T211-A","TECH_208","TECH_211","Technology","very_hard","same_entities_different_date","Corvalen Systems Reports Record Quarterly Shipments","Corvalen Systems said Thursday it shipped a record 14 million chips in the quarter, up 22 percent from a year earlier, driven by demand for its low-power audio line. The Leipzig company raised its full-year shipment guidance.","Corvalen Ships Record Volume Again Next Quarter","Corvalen Systems reported another record quarter on Thursday, shipping 16 million chips, an increase of 14 percent from the prior quarter, with the audio line again cited as the main driver. The company raised guidance for the second consecutive quarter.","2027-10-21","2028-01-20","Leipzig, Germany","Leipzig, Germany","Corvalen Systems; record shipments; quarterly results","Corvalen Systems; record shipments; quarterly results","DIFFERENT_EVENT","Same company reporting in nearly identical language, but these are two separate quarterly results releases three months apart."
"P0910","T203-A","T209-A","TECH_203","TECH_209","Technology","hard","same_topic_different_event","Bramstell Hosting Reports Separate Outage in Same Region","Bramstell Hosting said a routing error knocked out service to customers in eastern Europe for about forty minutes on Monday, unrelated to the outage at a competing provider the previous week. The company said a configuration change had not been tested adequately before deployment, and that the change had been intended to improve failover between two data centres rather than affect live traffic. Engineers rolled back the change within thirty minutes of the first alerts, though full recovery took longer as cached routes propagated. Bramstell said it was reviewing its change-management process and would require a second engineer to approve routing changes going forward. Customers on the affected tier receive service credits under the company's standard terms, which Bramstell said would be applied automatically without customers needing to file a claim.","Bramstell Announces New Data Centre in Gdansk","Bramstell Hosting said it would open a new data centre in Gdansk next year, its fourth facility in the region, to meet growing demand from customers requiring in-country data storage. Construction begins in the spring, with the company targeting completion within fourteen months. Bramstell said the site was chosen partly for its access to renewable power from an offshore wind connection completed last year, which the company said would let it market the facility as low-carbon. The expansion follows two smaller regional outages that Bramstell said were unrelated to the capacity decision, though analysts noted the timing invites comparison. The company did not disclose capacity figures but said the facility would roughly double its regional footprint.","2027-01-12","2027-03-30","Warsaw, Poland","Gdansk, Poland","Bramstell Hosting; outage; routing error","Bramstell Hosting; Gdansk data centre; expansion","DIFFERENT_EVENT","Same company mentioned in both, but an outage report and a later facility expansion announcement are unrelated events."
"P0911","P200-A","P200-B","POL_200","POL_200","Politics","easy","paraphrase","Marnholt Parliament Approves Flood Defence Funding Bill","Marnholt's parliament approved a flood defence funding bill on Wednesday by 102 votes to 44, releasing money for upgrades along three river systems identified as highest risk. The measure had cross-party backing after last year's flooding. Work is due to begin in the new fiscal year.","Flood Defence Bill Clears Marnholt Parliament","Lawmakers in Marnholt passed a bill releasing funds for flood defence upgrades on three river systems, with the vote passing 102 to 44 on Wednesday. Support crossed party lines following flooding the previous year. Construction is set to start in the next fiscal year.","2027-02-17","2027-02-17","Marnholt City, Marnholt","Marnholt City, Marnholt","Marnholt parliament; flood defence bill","Marnholt lawmakers; flood defence funding","SAME_EVENT","Same vote on the same bill on the same day, reworded."
"P0912","P200-A","P201-A","POL_200","POL_201","Politics","hard","same_entity_different_event","Marnholt Parliament Approves Flood Defence Funding Bill","Marnholt's parliament approved a flood defence funding bill on Wednesday by 102 votes to 44, releasing money for upgrades along three river systems identified as highest risk. The measure had cross-party backing after last year's flooding. Work is due to begin in the new fiscal year.","Marnholt Parliament Rejects Judicial Appointments Bill","Marnholt's parliament rejected a bill that would have changed how senior judges are appointed, with the government's own backbenchers contributing to the defeat by a margin of six votes. The justice minister said a revised version would be brought forward after further consultation with the judiciary, which had raised concerns about independence safeguards in the original text. Opposition parties called the process rushed, noting that the bill had been introduced only three weeks before the vote without the customary committee review. Several backbenchers who voted against said they supported reform in principle but objected to specific transitional provisions. The defeat is seen as a setback for the government's broader legislative programme this session.","2027-02-17","2027-05-09","Marnholt City, Marnholt","Marnholt City, Marnholt","Marnholt parliament; flood defence bill","Marnholt parliament; judicial appointments bill","DIFFERENT_EVENT","Same parliament voting on unrelated bills months apart, with opposite outcomes."
"P0913","P202-A","P202-B","POL_202","POL_202","Politics","easy","different_source","Kessler Wins Riverton Mayoral Race","Talia Kessler won the Riverton mayoral election with 47 percent of the vote in a four-way race, results showed Tuesday night. Her nearest rival conceded shortly after midnight. Kessler will be sworn in next month.","Four-Way Riverton Mayoral Contest Won by Kessler","Riverton's mayoral race went to Talia Kessler, who took 47 percent against three other candidates, according to results released Tuesday night. The runner-up conceded before 1am. The inauguration is scheduled for next month.","2027-11-03","2027-11-03","Riverton, USA","Riverton, USA","Talia Kessler; Riverton mayoral election","Talia Kessler; Riverton mayoral race","SAME_EVENT","Same election result on the same night, different phrasing and structure."
"P0914","P202-A","P203-A","POL_202","POL_203","Politics","very_hard","same_entities_different_date","Kessler Wins Riverton Mayoral Race","Talia Kessler won the Riverton mayoral election with 47 percent of the vote in a four-way race, results showed Tuesday night. Her nearest rival conceded shortly after midnight. Kessler will be sworn in next month.","Kessler Wins Re-election as Riverton Mayor","Talia Kessler was re-elected mayor of Riverton, winning 53 percent of the vote against two challengers, results showed late Tuesday. Her closest rival conceded before midnight this time. Kessler said the result reflected support for her infrastructure programme.","2027-11-03","2031-11-05","Riverton, USA","Riverton, USA","Talia Kessler; Riverton mayoral election","Talia Kessler; Riverton mayoral re-election","DIFFERENT_EVENT","Same person, office and city with closely parallel phrasing, but two separate elections four years apart."
"P0915","P204-A","P204-B","POL_204","POL_204","Politics","medium","breaking_update","Coalition Talks Begin in Corvane","Party leaders in Corvane began coalition negotiations on Monday following an inconclusive election, with three parties represented at the table. No timeline was given for reaching an agreement.","Corvane's Three Largest Parties Start Coalition Talks","Corvane's coalition negotiations opened Monday among the three parties that won the most seats in last month's election, officials confirmed. Talks are expected to focus first on fiscal policy, where the parties hold differing positions. No deadline has been set.","2027-06-07","2027-06-07","Corvane City, Corvane","Corvane City, Corvane","Corvane; coalition talks; party leaders","Corvane; coalition negotiations; three parties","SAME_EVENT","Initial report and a same-day update with more detail on the identical start of coalition talks."
"P0916","P204-A","P205-A","POL_204","POL_205","Politics","hard","follow_up","Coalition Talks Begin in Corvane","Party leaders in Corvane began coalition negotiations on Monday following an inconclusive election, with three parties represented at the table. No timeline was given for reaching an agreement.","Corvane Coalition Talks Collapse After Six Weeks","Coalition negotiations in Estveria broke down after six weeks, officials said, with the smallest party citing unresolved differences on fiscal policy as the immediate cause, though negotiators from other parties pointed to disagreements over ministerial portfolios that had simmered for most of the talks. A caretaker government will continue while parties consider next steps, and the constitution requires that a path forward be decided within a further ninety days. No date has been set for a possible new election, though officials from two parties said informally that they expected one to be called if talks could not resume within a month. Business groups expressed concern about the effect of prolonged uncertainty on investment decisions, and the currency weakened slightly against regional peers following the announcement.","2027-06-07","2027-07-19","Corvane City, Corvane","Corvane City, Corvane","Corvane; coalition talks; party leaders","Corvane; coalition talks collapse; caretaker government","DIFFERENT_EVENT","The talks opening and their later collapse are separate news events six weeks apart, not the same occurrence."
"P0917","P206-A","P206-B","POL_206","POL_206","Politics","hard","different_style","Senate Committee Advances Housing Bill","A Senate committee voted 9 to 6 on Thursday to advance a housing bill that would expand tax credits for affordable rental construction. The bill now goes to the full chamber. Two moderate senators who had expressed reservations ultimately voted in favour.","Why the Housing Bill Cleared Committee After All","The 9-6 vote that sent the housing bill to the floor on Thursday came down to two senators who had spent weeks signalling doubt about the cost of the tax credits, and who both switched to yes after a late amendment capped the programme's duration at five years. That concession, more than any argument about need, is what moved the numbers. The bill's path in the full chamber remains far less certain.","2027-09-22","2027-09-22","Washington, USA","Washington, USA","Senate committee; housing bill; tax credits","Senate committee; housing bill; amendment","SAME_EVENT","News report and analysis of the identical committee vote on the same day."
"P0918","P206-A","P207-A","POL_206","POL_207","Politics","medium","same_topic_different_event","Senate Committee Advances Housing Bill","A Senate committee voted 9 to 6 on Thursday to advance a housing bill that would expand tax credits for affordable rental construction. The bill now goes to the full chamber. Two moderate senators who had expressed reservations ultimately voted in favour.","Separate Committee Rejects Zoning Reform Measure","A different Senate committee voted down a zoning reform measure on Tuesday, with several members saying the bill overstepped into local authority that should remain with municipal governments. The vote was 7 to 8, closer than sponsors had expected going into the session, and two senators who had previously indicated support switched their votes after amendments narrowing the bill's scope were rejected on the floor. Sponsors said they would seek to attach the provisions to another bill moving through the chamber, a strategy that opponents said undermines the committee process. Housing advocates who had backed the measure expressed frustration, while municipal associations welcomed the outcome as a preservation of local control over land use decisions.","2027-09-22","2027-10-19","Washington, USA","Washington, USA","Senate committee; housing bill; tax credits","Senate committee; zoning reform; rejection","DIFFERENT_EVENT","Different committees voting on different housing-adjacent bills weeks apart, with opposite outcomes."
"P0919","P208-A","P208-B","POL_208","POL_208","Politics","easy","paraphrase","Referendum Sets Minimum Wage Increase in Belmara","Voters in Belmara approved a referendum raising the minimum wage by 15 percent over two years, with 58 percent in favour on a turnout of 52 percent. The increase takes effect in stages starting in January. Business groups had opposed the measure.","Belmara Voters Back Minimum Wage Rise","A referendum in Belmara passed with 58 percent support, setting a 15 percent minimum wage increase to be phased in over two years starting in January. Turnout reached 52 percent. Business associations had campaigned against the proposal.","2027-05-16","2027-05-16","Belmara City, Belmara","Belmara City, Belmara","Belmara; minimum wage referendum; business groups","Belmara; minimum wage increase; business associations","SAME_EVENT","Same referendum result on the same day, reworded throughout."
"P0920","P208-A","P209-A","POL_208","POL_209","Politics","medium","same_entity_different_event","Referendum Sets Minimum Wage Increase in Belmara","Voters in Belmara approved a referendum raising the minimum wage by 15 percent over two years, with 58 percent in favour on a turnout of 52 percent. The increase takes effect in stages starting in January. Business groups had opposed the measure.","Belmara Assembly Debates Overtime Rule Changes","Belmara's Federal Assembly began debate on a bill that would change how overtime is calculated for shift workers, with unions and employer groups submitting competing proposals. A vote is not expected before the next session. The debate follows separately from the minimum wage question.","2027-05-16","2027-09-03","Belmara City, Belmara","Belmara City, Belmara","Belmara; minimum wage referendum","Belmara Federal Assembly; overtime rule changes","DIFFERENT_EVENT","Same country and legislature context, but a referendum result and a later separate bill debate are different events months apart."
"P0921","B200-A","B200-B","BIZ_200","BIZ_200","Business","easy","paraphrase","Thornfield Group to Acquire Wexler Logistics for 780 Million","Thornfield Group agreed to buy Wexler Logistics for 780 million in a cash-and-stock deal, the companies said Monday, adding regional trucking capacity to Thornfield's freight network. The deal is expected to close in the second quarter. Wexler's founder will join Thornfield's board.","Wexler Logistics Deal Values Firm at 780 Million","Thornfield Group has struck a deal to buy Wexler Logistics for 780 million, combining cash and stock, according to a Monday announcement expanding Thornfield's trucking reach. Closing is targeted for the second quarter. Wexler's founder is set to take a board seat at the combined company.","2027-01-11","2027-01-11","Memphis, USA","Memphis, USA","Thornfield Group; Wexler Logistics; acquisition","Thornfield Group; Wexler Logistics; deal","SAME_EVENT","Same acquisition announcement on the same day, differently worded."
"P0922","B200-A","B201-A","BIZ_200","BIZ_201","Business","hard","follow_up","Thornfield Group to Acquire Wexler Logistics for 780 Million","Thornfield Group agreed to buy Wexler Logistics for 780 million in a cash-and-stock deal, the companies said Monday, adding regional trucking capacity to Thornfield's freight network. The deal is expected to close in the second quarter. Wexler's founder will join Thornfield's board.","Regulators Clear Thornfield-Wexler Deal","Antitrust regulators cleared Thornfield Group's purchase of Wexler Logistics without conditions, the agency said, finding limited route overlap between the two carriers after reviewing data on service areas across both companies' networks. The companies said the deal would close within weeks, having originally targeted the second quarter but moved up the timeline once clearance came through faster than expected. Thornfield shares rose slightly on the news, while analysts said the swift, unconditional clearance reflected the fragmented nature of regional trucking markets rather than any particular leniency. Wexler's founder, who is set to join Thornfield's board, said the review process had been more straightforward than anticipated given the size of the transaction.","2027-01-11","2027-04-02","Memphis, USA","Washington, USA","Thornfield Group; Wexler Logistics; acquisition","antitrust regulators; Thornfield-Wexler deal; clearance","DIFFERENT_EVENT","The regulatory clearance is a separate, later decision by a different body regarding the same transaction, not the original announcement."
"P0923","B202-A","B202-B","BIZ_202","BIZ_202","Business","medium","different_source","Halvorsen Retail Reports Strong Holiday Sales","Halvorsen Retail said comparable sales rose 6.2 percent over the holiday period, beating analyst expectations, with online orders up sharply. The company raised its full-year profit outlook. Shares gained in early trading.","Holiday Results Beat Forecasts at Halvorsen","Halvorsen Retail posted holiday comparable sales growth of 6.2 percent, ahead of what analysts had projected, driven partly by a jump in online orders. The retailer lifted its full-year guidance. The stock moved higher after the announcement.","2027-01-14","2027-01-14","Minneapolis, USA","Minneapolis, USA","Halvorsen Retail; holiday sales; profit outlook","Halvorsen Retail; holiday results; guidance","SAME_EVENT","Same results release on the same day, told from two different outlets with no shared sentences."
"P0924","B202-A","B203-A","BIZ_202","BIZ_203","Business","hard","same_entity_different_event","Halvorsen Retail Reports Strong Holiday Sales","Halvorsen Retail said comparable sales rose 6.2 percent over the holiday period, beating analyst expectations, with online orders up sharply. The company raised its full-year profit outlook. Shares gained in early trading.","Halvorsen Announces 40 New Store Openings","Halvorsen Retail said it would open 40 new stores over the next two years, concentrated in mid-sized towns where it currently has limited presence. The expansion follows the strong holiday period. Hiring for the first wave of stores begins in the spring.","2027-01-14","2027-03-11","Minneapolis, USA","Minneapolis, USA","Halvorsen Retail; holiday sales","Halvorsen Retail; store expansion","DIFFERENT_EVENT","Same retailer, but the holiday results and a later expansion announcement are separate corporate events two months apart."
"P0925","B204-A","B212-A","BIZ_204","BIZ_212","Business","medium","follow_up","Coral Ridge Bank Placed Under Regulatory Watch","Regulators placed Coral Ridge Bank under enhanced supervision on Wednesday following concerns about loan loss reserves, the agency said. The bank said operations continue normally.","Coral Ridge Bank Names New Chief Risk Officer","Coral Ridge Bank appointed a new chief risk officer on Friday, three weeks after regulators placed the bank under enhanced supervision, the bank said. The appointee previously worked at a larger regional lender. The bank said the hire was planned before the supervisory action began.","2027-07-28","2027-08-18","Charleston, USA","Charleston, USA","Coral Ridge Bank; regulatory supervision","Coral Ridge Bank; chief risk officer; appointment","DIFFERENT_EVENT","The regulatory supervision announcement and the later executive appointment are separate events three weeks apart, even though both concern the same bank during the same period of scrutiny."
"P0926","B205-A","B205-B","BIZ_205","BIZ_205","Business","very_hard","entity_normalization","Antitrust Body Blocks Merger of Grocery Chains Fenmark and Coldwell","The antitrust authority blocked the proposed merger of grocery chains Fenmark and Coldwell on Tuesday, citing reduced competition in dozens of overlapping local markets. Both companies said they were reviewing options, including an appeal.","Regulator Stops Grocery Chain Combination","A competition regulator halted the planned combination of two grocery chains, finding the deal would have reduced choice for shoppers in numerous local markets where both operate. The companies indicated they were considering their next steps, including a possible appeal.","2027-03-19","2027-03-19","Toronto, Canada","Toronto, Canada","antitrust authority; Fenmark; Coldwell; merger block","competition regulator; grocery chains; merger block","SAME_EVENT","Same blocking decision on the same day, with the companies and regulator named formally in one article and described generically in the other."
"P0927","B206-A","B206-B","BIZ_206","BIZ_206","Business","medium","different_detail_level","Pellhaven Motors Recalls 90,000 Vehicles Over Brake Issue","Pellhaven Motors is recalling about 90,000 vehicles due to a brake booster fault that can increase stopping distance.","Brake Booster Fault Triggers 90,000-Vehicle Pellhaven Recall","Pellhaven Motors said it is recalling roughly 90,000 vehicles from two model years after finding that a brake booster component can degrade over time, increasing stopping distance under hard braking. The company said the issue was identified through warranty claims rather than a reported crash, though it acknowledged that the degradation pattern could plausibly lead to an accident if left unaddressed for an extended period. Dealers will replace the affected part at no cost, with the process taking about two hours per vehicle, and Pellhaven said it had secured sufficient replacement parts to avoid the extended delays that affected a similar recall by a competitor last year. Owners will be notified by mail beginning next week, and Pellhaven said parts availability could extend service times in some regions, particularly rural areas served by smaller dealerships with limited service bay capacity. The National Highway Traffic Safety Administration said it would monitor complaint data closely given the safety-critical nature of the component involved, though it had not independently opened an investigation prior to Pellhaven's voluntary recall announcement.","2027-05-06","2027-05-06","Detroit, USA","Detroit, USA","Pellhaven Motors; brake recall","Pellhaven Motors; brake booster fault; recall","SAME_EVENT","A brief item and a detailed report on the identical recall announced the same day."
"P0928","B207-A","B207-B","BIZ_207","BIZ_207","Business","very_hard","different_style","Investors Cool on Renix Software After Guidance Cut","Renix Software shares fell 17 percent Thursday after the company cut full-year revenue guidance, citing longer sales cycles for its largest product. Management said the pipeline remained intact but conversion had slowed.","The Number That Mattered in Renix's Guidance Cut","Renix Software's stock lost 17 percent on Thursday, and the detail investors focused on wasn't the guidance cut itself but the phrase 'longer sales cycles,' which analysts read as early evidence that a broader slowdown in enterprise software spending has reached the company's core product. Management's insistence that the pipeline is intact did little to steady the shares. The next quarter's bookings figure will likely settle the argument either way.","2027-09-16","2027-09-16","Austin, USA","Austin, USA","Renix Software; guidance cut; share drop","Renix Software; guidance cut; analysts","SAME_EVENT","Market report and commentary on the identical guidance cut and share reaction on the same day."
"P0929","B208-A","B213-A","BIZ_208","BIZ_213","Business","medium","same_entity_different_event","Quennel Foods Raises Prices on Snack Line","Quennel Foods said it would raise prices on its snack division by an average of 5 percent starting next month, citing higher cocoa and packaging costs. The company said volumes had held up despite two previous rounds of increases.","Quennel Foods Reports Quarterly Earnings Above Forecast","Quennel Foods posted quarterly earnings ahead of analyst expectations, the company said, with the snack division cited as the strongest performer. Management pointed to disciplined cost control as the main driver. Shares rose modestly following the announcement.","2027-02-22","2027-05-19","Zurich, Switzerland","Zurich, Switzerland","Quennel Foods; price increase; snack division","Quennel Foods; quarterly earnings; snack division","DIFFERENT_EVENT","Same company mentioned in both, but a price-increase announcement and a separate quarterly earnings release three months later are unrelated corporate events."
"P0930","B208-A","B209-A","BIZ_208","BIZ_209","Business","hard","same_topic_different_event","Quennel Foods Raises Prices on Snack Line","Quennel Foods said it would raise prices on its snack division by an average of 5 percent starting next month, citing higher cocoa and packaging costs. The company said volumes had held up despite two previous rounds of increases.","Rival Snack Maker Holds Prices Steady","A competing snack manufacturer said it would not raise prices this year despite facing similar cost pressures from cocoa and packaging, hoping to gain market share from rivals that have increased prices multiple times. The company said it would absorb higher costs through efficiency measures instead, including consolidating two production lines and renegotiating supplier contracts that come up for renewal this quarter. Analysts questioned whether the strategy was sustainable given margin pressure reported across the sector, with one noting that the company's own cost base had risen at a similar rate to competitors who had already raised prices. The manufacturer's chief executive said the approach reflected a longer-term bet on volume growth rather than near-term margin protection.","2027-02-22","2027-03-05","Zurich, Switzerland","Brussels, Belgium","Quennel Foods; price increase; snack division","competing snack manufacturer; pricing strategy","DIFFERENT_EVENT","Different companies making opposite pricing decisions in the same sector days apart."
"P0931","SP200-A","SP200-B","SPORT_200","SPORT_200","Sports","easy","paraphrase","Marrowfield United Wins League Title","Marrowfield United clinched the league title on Sunday with a 3-0 win, finishing four points clear of their nearest rival. It is the club's first title in eleven years. Captain Milo Andrade lifted the trophy after the match.","United Seal Title With 3-0 Win","A 3-0 victory on Sunday secured the league title for Marrowfield United, who finished four points ahead of the second-placed side. The win ends an eleven-year wait for the club. Captain Milo Andrade received the trophy on the pitch.","2027-05-15","2027-05-15","Marrowfield, UK","Marrowfield, UK","Marrowfield United; league title; Milo Andrade","Marrowfield United; league title; Milo Andrade","SAME_EVENT","Same title-winning match on the same date, reworded."
"P0932","SP200-A","SP201-A","SPORT_200","SPORT_201","Sports","hard","same_entity_different_event","Marrowfield United Wins League Title","Marrowfield United clinched the league title on Sunday with a 3-0 win, finishing four points clear of their nearest rival. It is the club's first title in eleven years. Captain Milo Andrade lifted the trophy after the match.","Marrowfield United Sign Winger From Rival Club","Marrowfield United have signed winger Dev Okafor from a league rival on a three-year deal, the club's first major purchase of the close season. Okafor scored nine goals last season and was reportedly a target for two other clubs before agreeing to join the newly crowned champions. The transfer fee was not disclosed, though reports suggested a figure in the region of 14 million including add-ons tied to appearances. Marrowfield's manager said the signing addressed a specific need for pace on the flanks that had been identified during the title-winning campaign. Okafor is expected to be available for the club's pre-season tour, with a formal unveiling planned for the following week.","2027-05-15","2027-07-08","Marrowfield, UK","Marrowfield, UK","Marrowfield United; league title","Marrowfield United; Dev Okafor; transfer","DIFFERENT_EVENT","Same club, but the title win and a later transfer signing are separate events."
"P0933","SP202-A","SP202-B","SPORT_202","SPORT_202","Sports","medium","different_source","Nakamura Sets World Record in 50m Freestyle","Yui Nakamura broke the world record in the 50m freestyle, clocking 22.87 seconds at the world championships. It is her first world record. The previous mark had stood for four years.","World Mark Falls to Nakamura in 50m Freestyle","A time of 22.87 seconds in the 50m freestyle gave Yui Nakamura a new world record at the world championships, breaking a mark that had lasted four years. It is the first world record of her career.","2027-08-02","2027-08-02","Fukuoka, Japan","Fukuoka, Japan","Yui Nakamura; 50m freestyle; world record","Yui Nakamura; world record; world championships","SAME_EVENT","Same record-breaking swim on the same day, described with different sentence order."
"P0934","SP202-A","SP203-A","SPORT_202","SPORT_203","Sports","very_hard","same_person_different_event","Nakamura Sets World Record in 50m Freestyle","Yui Nakamura broke the world record in the 50m freestyle, clocking 22.87 seconds at the world championships. It is her first world record. The previous mark had stood for four years.","Nakamura Withdraws From Relay Over Illness","Yui Nakamura withdrew from the 4x100m freestyle relay after developing a fever overnight, her team said, just three days after breaking the world record in the 50m freestyle at the same championships. A reserve swimmer took her place in the final, and the team finished fourth, outside the medals, a result the coaching staff said would likely have been different with Nakamura in the lineup. Nakamura is expected to be fit for the remainder of the meet, including her title defence in the 100m freestyle later in the week, though team doctors said her participation would be assessed day by day. The federation said the illness appeared to be an isolated case rather than part of a wider outbreak within the team camp.","2027-08-02","2027-08-05","Fukuoka, Japan","Fukuoka, Japan","Yui Nakamura; 50m freestyle; world record","Yui Nakamura; relay withdrawal; illness","DIFFERENT_EVENT","Same swimmer at the same meet, but a record-breaking individual swim and a later relay withdrawal are distinct events days apart."
"P0935","SP204-A","SP204-B","SPORT_204","SPORT_204","Sports","medium","breaking_update","Halverson Stadium Roof Collapses Partially in Storm","Part of the roof at Halverson Stadium collapsed during a storm on Tuesday night, officials said, though no injuries were reported as the venue was empty. An inspection is under way.","No Injuries as Storm Damages Halverson Stadium Roof","Officials confirmed no one was hurt when high winds caused part of Halverson Stadium's roof to give way on Tuesday night, since the venue was unoccupied at the time. Structural engineers began assessing the damage Wednesday morning. Upcoming events at the venue are under review.","2027-11-19","2027-11-19","Halverson, USA","Halverson, USA","Halverson Stadium; roof collapse; storm","Halverson Stadium; storm damage; engineers","SAME_EVENT","Initial report and a same-day follow-up on the identical roof collapse."
"P0936","SP206-A","SP206-B","SPORT_206","SPORT_206","Sports","hard","different_style","Ferrano Claims Overall Title in Final Stage Sprint","Luca Ferrano secured the overall title in a multi-stage race after finishing safely in the pack on the final stage, which was won in a bunch sprint by a rival. Ferrano's overall lead of 38 seconds proved unassailable heading into the day.","How Ferrano Defended a Slim Overall Lead","Thirty-eight seconds is not much of a cushion over three weeks of racing, but Luca Ferrano's team rode a near-perfect final stage to protect it, controlling the pace whenever a break looked dangerous and letting the sprinters have their day. Ferrano crossed safely in the pack as a rival won the stage. The overall title was his by the finish line in the capital.","2027-07-24","2027-07-24","Paris, France","Paris, France","Luca Ferrano; overall title; final stage","Luca Ferrano; overall title; final stage defence","SAME_EVENT","Race report and tactical analysis of the identical final stage and overall result on the same day."
"P0937","SP206-A","SP207-A","SPORT_206","SPORT_207","Sports","hard","same_entities_different_date","Ferrano Claims Overall Title in Final Stage Sprint","Luca Ferrano secured the overall title in a multi-stage race after finishing safely in the pack on the final stage, which was won in a bunch sprint by a rival. Ferrano's overall lead of 38 seconds proved unassailable heading into the day.","Ferrano Wins Overall Title for Second Year Running","Luca Ferrano won the overall title in the multi-stage race for a second consecutive year, holding an overall lead of 51 seconds into the final stage in Paris after a season in which his team had dominated the mountain stages more decisively than the year before. He again finished safely in the pack as a rival took the stage sprint, a repeat of the tactic that secured his first title. Ferrano said defending the title felt different from winning it the first time, describing a heavier weight of expectation from the opening stage onward. His team principal said the margin, though larger than the previous year's 38 seconds, still required careful management through two difficult mountain days where a single mechanical failure could have changed the outcome.","2027-07-24","2028-07-22","Paris, France","Paris, France","Luca Ferrano; overall title; final stage","Luca Ferrano; overall title; second consecutive win","DIFFERENT_EVENT","Same rider, race and finish city with closely matching description, but two separate editions of the race a year apart."
"P0938","SP208-A","SP208-B","SPORT_208","SPORT_208","Sports","easy","paraphrase","Ashgrove Comets Sign Free Agent Forward","The Ashgrove Comets signed free agent forward Marcus Deng to a three-year contract, the team announced Thursday. Deng averaged 16 points per game last season for a rival club.","Comets Land Deng in Free Agency","Marcus Deng has agreed to a three-year deal with the Ashgrove Comets, the team said Thursday, after averaging 16 points a game last season elsewhere. The signing was confirmed shortly after free agency opened.","2027-07-01","2027-07-01","Ashfield, USA","Ashfield, USA","Ashgrove Comets; Marcus Deng; free agent signing","Ashgrove Comets; Marcus Deng; free agency","SAME_EVENT","Same signing announcement on the same day, worded differently."
"P0939","SP208-A","SP209-A","SPORT_208","SPORT_209","Sports","medium","same_topic_different_event","Ashgrove Comets Sign Free Agent Forward","The Ashgrove Comets signed free agent forward Marcus Deng to a three-year contract, the team announced Thursday. Deng averaged 16 points per game last season for a rival club.","Comets Trade Away Backup Centre","The Ashgrove Comets traded backup centre Owen Farrow to a conference rival for a future draft pick, the team announced. Farrow had appeared in 40 games last season in a reserve role. The move creates additional salary cap flexibility.","2027-07-01","2027-07-15","Ashfield, USA","Ashfield, USA","Ashgrove Comets; Marcus Deng; free agent signing","Ashgrove Comets; Owen Farrow; trade","DIFFERENT_EVENT","Same team making two separate roster moves two weeks apart involving different players."
"P0940","SP204-A","SP210-A","SPORT_204","SPORT_210","Sports","hard","same_location_different_event","Halverson Stadium Roof Collapses Partially in Storm","Part of the roof at Halverson Stadium collapsed during a storm on Tuesday night, officials said, though no injuries were reported as the venue was empty. An inspection is under way.","Halverson Stadium Reopens After Roof Repairs","Halverson Stadium reopened to the public on Saturday following repairs to the section of roof damaged in November's storm, officials said. Engineers said the repaired section exceeds the original structural rating. The venue's first event since reopening is scheduled for next week.","2027-11-19","2028-03-14","Halverson, USA","Halverson, USA","Halverson Stadium; roof collapse; storm","Halverson Stadium; reopening; repairs","DIFFERENT_EVENT","Same venue, but the storm damage and the later reopening after repairs are separate events months apart."
"P0941","SC200-A","SC200-B","SCI_200","SCI_200","Science","easy","paraphrase","Telescope Detects Unusual Radio Pulses From Nearby Star System","Astronomers reported detecting a series of unusual radio pulses from the Halvorne star system, occurring at regular sixteen-hour intervals. The team said the pattern is consistent with a slowly rotating stellar remnant. Observations continue to characterise the source.","Regular Radio Pulses Traced to Halvorne System","A pattern of radio pulses repeating every sixteen hours has been traced to the Halvorne star system, astronomers said, with the regularity suggesting a slowly spinning stellar remnant. Further observations are planned to pin down the source more precisely. The finding was announced this week.","2026-11-09","2026-11-09","Socorro, USA","Socorro, USA","Halvorne star system; radio pulses; stellar remnant","Halvorne system; radio pulses; astronomers","SAME_EVENT","Same detection announced the same week, differently worded."
"P0942","SC200-A","SC201-A","SCI_200","SCI_201","Science","hard","same_topic_different_event","Telescope Detects Unusual Radio Pulses From Nearby Star System","Astronomers reported detecting a series of unusual radio pulses from the Halvorne star system, occurring at regular sixteen-hour intervals. The team said the pattern is consistent with a slowly rotating stellar remnant. Observations continue to characterise the source.","Separate Team Identifies Fast Radio Burst Source Galaxy","A different research group has pinpointed the host galaxy of a previously unlocalised fast radio burst, using a wide-field array to narrow the position to within an arcsecond, a level of precision that had eluded earlier efforts to trace such bursts to their origin. The galaxy is roughly four billion light years away and shows no unusual features compared with typical star-forming galaxies at that distance, which the team said was itself an interesting result given competing theories about burst origins. The team said further bursts would help refine distance estimates and potentially reveal whether the source is associated with a young magnetar or another type of compact object. Follow-up observations using two additional telescopes are planned over the coming months to characterise the host galaxy's stellar population.","2026-11-09","2027-02-14","Socorro, USA","Bologna, Italy","Halvorne star system; radio pulses; stellar remnant","fast radio burst; host galaxy; wide-field array","DIFFERENT_EVENT","Both concern radio astronomy findings but are unrelated results from different teams and instruments months apart."
"P0943","SC202-A","SC212-A","SCI_202","SCI_212","Science","medium","same_topic_different_event","Trial of Experimental Alzheimer's Drug Shows Modest Cognitive Benefit","A phase 3 trial of the drug Cerabrix found a modest slowing of cognitive decline compared with placebo over eighteen months, researchers reported. Side effects included brain swelling in a minority of participants. The manufacturer said it would seek regulatory approval.","Second Alzheimer's Drug Trial Reports Contrasting Results","A separate phase 3 trial of a different Alzheimer's drug, Nolevrix, reported no significant slowing of cognitive decline compared with placebo, researchers said, a contrast to results announced for a rival treatment. The manufacturer said it was reassessing the drug's development path. Analysts said the mixed picture across the drug class complicates treatment guidance.","2027-04-24","2027-06-02","Boston, USA","Boston, USA","Cerabrix; phase 3 trial; cognitive decline","Nolevrix; phase 3 trial; Alzheimer's","DIFFERENT_EVENT","Two different trials of two different Alzheimer's drugs reported by different teams, with contrasting outcomes, roughly five weeks apart."
"P0944","SC202-A","SC203-A","SCI_202","SCI_203","Science","hard","follow_up","Trial of Experimental Alzheimer's Drug Shows Modest Cognitive Benefit","A phase 3 trial of the drug Cerabrix found a modest slowing of cognitive decline compared with placebo over eighteen months, researchers reported. Side effects included brain swelling in a minority of participants. The manufacturer said it would seek regulatory approval.","Regulator Accepts Cerabrix Application for Review","The medicines regulator has accepted the manufacturer's application to review Cerabrix for approval, starting a process expected to take up to ten months under the agency's standard review track rather than an accelerated pathway the company had initially sought. The filing includes the phase 3 data reported earlier in the year, along with additional safety monitoring data collected during an extension phase of the trial. An advisory committee meeting has not yet been scheduled, though the agency indicated one would likely be convened given the drug's novel mechanism and the safety signals observed during the trial. Patient advocacy groups welcomed the acceptance while noting that the standard review timeline means the drug is unlikely to reach patients before the following year at the earliest.","2027-04-24","2027-08-11","Boston, USA","Silver Spring, USA","Cerabrix; phase 3 trial; cognitive decline","Cerabrix; regulatory review; application","DIFFERENT_EVENT","The trial results and the later filing acceptance are related but separate events months apart, involving different institutional actors."
"P0945","SC204-A","SC204-B","SCI_204","SCI_204","Science","medium","different_detail_level","Deep-Sea Expedition Finds New Vent Ecosystem","Researchers surveying the seafloor near the Kestrel Ridge found a previously undocumented hydrothermal vent field hosting dense colonies of tube worms and blind shrimp.","New Vent Field Discovered Along Kestrel Ridge","A survey team exploring the seafloor near Kestrel Ridge has identified a hydrothermal vent field not previously mapped, finding dense colonies of tube worms and blind shrimp clustered around several vent chimneys. The expedition used a remotely operated vehicle to collect water and biological samples over five dives. Researchers said preliminary genetic analysis suggests at least two species new to science, though formal description will take months. The vent field sits at a depth of roughly 2,600 metres.","2027-07-02","2027-07-02","South Pacific","South Pacific","Kestrel Ridge; hydrothermal vent; deep-sea expedition","Kestrel Ridge; vent field; remotely operated vehicle","SAME_EVENT","Short summary and detailed report on the identical discovery announced the same day."
"P0946","SC205-A","SC205-B","SCI_205","SCI_205","Science","hard","entity_normalization","Institute Confirms Detection of Gravitational Wave From Neutron Star Merger","The Halvern Gravitational Observatory confirmed detection of gravitational waves consistent with a neutron star merger, the collaboration said Tuesday. The signal was also observed by a partner facility, allowing rough localisation. Follow-up telescopes are searching for an optical counterpart.","Observatory Consortium Detects Neutron Star Merger Signal","A collaboration of gravitational wave observatories confirmed a signal consistent with two neutron stars merging, announced Tuesday, with the event observed at two facilities allowing an approximate sky position to be triangulated using the difference in arrival times between detectors. Telescopes around the world have begun searching for visible light from the event, a race against time since any optical counterpart is expected to fade within days. Analysis of the full waveform is ongoing, and the collaboration said early estimates place the combined mass of the merging objects within the range expected for neutron stars rather than black holes, though a definitive classification will require further modelling. Several observatories reported no counterpart in the first twelve hours of searching, which scientists said was not unusual given the size of the localisation region.","2027-09-30","2027-09-30","Livingston, USA","Livingston, USA","Halvern Gravitational Observatory; neutron star merger","gravitational wave observatories; neutron star merger","SAME_EVENT","Same detection announcement on the same day, with the observatory named specifically in one article and referred to as a consortium in the other."
"P0947","SC206-A","SC206-B","SCI_206","SCI_206","Science","easy","paraphrase","Researchers Sequence Genome of Extinct Steppe Bison","A team has sequenced the genome of an extinct steppe bison from a specimen preserved in permafrost, providing new detail on the species' population history. The specimen is estimated at 24,000 years old. Results were published this week.","Ancient Steppe Bison Genome Sequenced From Permafrost Remains","Scientists have recovered and sequenced genetic material from a steppe bison preserved in permafrost for an estimated 24,000 years, adding to understanding of the extinct species' population changes over time. The findings appeared in a journal this week.","2027-01-20","2027-01-20","Yakutsk, Russia","Yakutsk, Russia","steppe bison; genome sequencing; permafrost","steppe bison genome; permafrost specimen","SAME_EVENT","Same genome publication announced the same week, reworded."
"P0948","SC206-A","SC207-A","SCI_206","SCI_207","Science","very_hard","same_entities_different_date","Researchers Sequence Genome of Extinct Steppe Bison","A team has sequenced the genome of an extinct steppe bison from a specimen preserved in permafrost, providing new detail on the species' population history. The specimen is estimated at 24,000 years old. Results were published this week.","Same Team Sequences Second Steppe Bison Specimen","The research group behind last year's steppe bison genome has published a second sequence, this time from a specimen roughly 31,000 years old, also recovered from permafrost. The new data extend the population history further back in time. The paper appeared this week.","2027-01-20","2028-02-08","Yakutsk, Russia","Yakutsk, Russia","steppe bison; genome sequencing; permafrost","steppe bison genome; second specimen; permafrost","DIFFERENT_EVENT","Same research group and species with closely matching language, but two separate genome publications about different specimens over a year apart."
"P0949","SC208-A","SC213-A","SCI_208","SCI_213","Science","medium","different_incident","Research Vessel Reports Unusual Coral Bleaching Extent","A research vessel surveying the Halcona reef system reported unusually extensive coral bleaching, with early estimates suggesting more than half of surveyed sites affected. Water temperatures have been above average for six weeks.","Separate Reef System Reports Lower Bleaching Than Feared","A survey of the nearby Marrow Reef system found bleaching affecting about 18 percent of sites, lower than researchers had initially feared given regional temperature trends. Scientists said localised currents may have provided some cooling. The result contrasts with heavier bleaching reported elsewhere in the region this season.","2027-03-11","2027-03-25","Halcona reef","Halcona reef","Halcona reef; coral bleaching; research vessel","Marrow Reef; coral bleaching; survey","DIFFERENT_EVENT","Two separate reef surveys in the same region reporting different bleaching outcomes about two weeks apart, at different sites."
"P0950","SC209-A","SC209-B","SCI_209","SCI_209","Science","medium","different_style","Physicists Report Anomaly in Particle Collider Data","Researchers at a particle collider reported a statistical anomaly in data that could hint at an undiscovered particle, though they cautioned the significance falls short of the threshold typically required for a discovery claim. Further data collection is planned to test the result.","An Anomaly Worth Watching, Not Yet Believing","The particle-physics community has seen this pattern before: an intriguing bump in the data, a significance just shy of the line separating curiosity from claim, and a collaboration being careful not to overstate it. This week's anomaly follows that script closely, and the researchers involved are explicit that more data is needed before anyone should get excited. History suggests most such bumps fade; a minority do not.","2027-06-13","2027-06-13","Geneva, Switzerland","Geneva, Switzerland","particle collider; statistical anomaly; researchers","particle collider anomaly; significance threshold","SAME_EVENT","News report and commentary on the identical collider anomaly announced the same day."
"P0951","W200-A","W200-B","WORLD_200","WORLD_200","World","easy","paraphrase","Corvane and Belmara Sign Fishing Rights Treaty","Corvane and Belmara signed a treaty on Monday settling fishing rights in shared coastal waters, ending a dispute that had led to several vessel seizures in recent years. Quotas will be reviewed annually by a joint commission. Both governments called the agreement a foundation for wider cooperation.","Fishing Rights Dispute Between Corvane and Belmara Resolved by Treaty","A treaty signed Monday settles the fishing rights dispute between Corvane and Belmara, which had produced repeated vessel seizures in shared waters in recent years. A joint commission will review quotas each year. Officials from both countries described the deal as a basis for broader cooperation.","2027-02-08","2027-02-08","Corvane City, Corvane","Corvane City, Corvane","Corvane; Belmara; fishing rights treaty","Corvane; Belmara; fishing dispute resolution","SAME_EVENT","Same treaty signing on the same date, reworded."
"P0952","W200-A","W201-A","WORLD_200","WORLD_201","World","hard","same_entity_different_event","Corvane and Belmara Sign Fishing Rights Treaty","Corvane and Belmara signed a treaty on Monday settling fishing rights in shared coastal waters, ending a dispute that had led to several vessel seizures in recent years. Quotas will be reviewed annually by a joint commission. Both governments called the agreement a foundation for wider cooperation.","Corvane and Belmara Open Talks on Cross-Border Rail Link","Officials from Estveria and Tavura began preliminary talks on a rail link connecting their capitals, with a feasibility study expected to take a year before either government commits significant funding. Neither government committed to funding at this stage, though both indicated openness to seeking financing from a regional development bank if the study proves favourable. The proposal has been discussed informally for over a decade, dating to a period when relations between the two countries were considerably cooler than they are today. Transport ministers from both countries said the fishing treaty signed earlier in the year had helped build the trust needed to revisit the rail proposal seriously. Business groups in both capitals welcomed the talks, citing potential benefits for regional trade beyond the direct transport link itself.","2027-02-08","2027-06-27","Corvane City, Corvane","Belmara City, Belmara","Corvane; Belmara; fishing rights treaty","Corvane; Belmara; rail link talks","DIFFERENT_EVENT","Same two countries, but a concluded fishing treaty and the opening of separate rail talks months later are different events."
"P0953","W202-A","W202-B","WORLD_202","WORLD_202","World","medium","different_source","Landslide Kills Twelve in Kestral Highlands","A landslide following heavy rain killed at least twelve people in the Fenmoor highlands on Thursday, local officials said. Rescue teams were searching for several people still missing. Roads to the affected villages remained blocked.","Twelve Dead After Kestral Highlands Landslide","At least twelve people died when a landslide struck villages in the Fenmoor highlands after days of heavy rain, officials said Thursday. Search teams continued looking for people reported missing. Access roads remained impassable.","2027-08-21","2027-08-21","Fenmoor highlands","Fenmoor highlands","Fenmoor highlands; landslide; local officials","Fenmoor highlands; landslide; search teams","SAME_EVENT","Same disaster reported on the same day with different sentence structure."
"P0954","W202-A","W203-A","WORLD_202","WORLD_203","World","very_hard","different_incident","Landslide Kills Twelve in Kestral Highlands","A landslide following heavy rain killed at least twelve people in the Fenmoor highlands on Thursday, local officials said. Rescue teams were searching for several people still missing. Roads to the affected villages remained blocked.","Second Landslide Strikes Kestral Region Days Later","A second landslide hit the Fenmoor region on Sunday, this time in a valley roughly 40 kilometres from Thursday's disaster, killing at least four people, officials said. Continued rainfall was again cited as the cause. Emergency crews already deployed to the area were redirected to the new site.","2027-08-21","2027-08-24","Fenmoor highlands","Fenmoor region","Fenmoor highlands; landslide; local officials","Fenmoor region; second landslide; emergency crews","DIFFERENT_EVENT","Two separate landslides in the same broader region three days apart, at different locations with different casualty figures, sharing near-identical vocabulary."
"P0955","W204-A","W204-B","WORLD_204","WORLD_204","World","medium","breaking_update","Ceasefire Announced in Veyland Border Conflict","Party leaders in Corvane began coalition negotiations on Monday following an inconclusive election, with three parties represented at the table after no single party won enough seats to govern alone. No timeline was given for reaching an agreement, though officials familiar with the discussions said a deal within two months was considered a realistic target given the parties' overlapping positions on several major policy areas. The election, held three weeks earlier, produced the closest result in over a decade, with the two largest parties separated by fewer than 40,000 votes nationally. Analysts said the composition of any resulting coalition would likely determine the country's approach to a pending trade agreement that has divided opinion across the political spectrum.","Veyland Ceasefire Includes Two-Week Withdrawal Window","The ceasefire announced Friday in the Veyland border conflict requires both sides to pull forces back from a buffer zone within two weeks, negotiators said, following three months of sporadic clashes. A lasting settlement is still to be worked out in further talks. International observers welcomed the announcement.","2027-10-08","2027-10-08","Veyland border","Veyland border","Veyland border conflict; ceasefire; negotiators","Veyland ceasefire; withdrawal window; observers","SAME_EVENT","Initial ceasefire report and a same-day follow-up with more detail on the identical announcement."
"P0956","W204-A","W205-A","WORLD_204","WORLD_205","World","hard","follow_up","Ceasefire Announced in Veyland Border Conflict","Party leaders in Corvane began coalition negotiations on Monday following an inconclusive election, with three parties represented at the table after no single party won enough seats to govern alone. No timeline was given for reaching an agreement, though officials familiar with the discussions said a deal within two months was considered a realistic target given the parties' overlapping positions on several major policy areas. The election, held three weeks earlier, produced the closest result in over a decade, with the two largest parties separated by fewer than 40,000 votes nationally. Analysts said the composition of any resulting coalition would likely determine the country's approach to a pending trade agreement that has divided opinion across the political spectrum.","Veyland Ceasefire Holds as Withdrawal Begins","Forces on both sides of the Corvane border began withdrawing from the buffer zone on schedule, monitors said, three weeks after the ceasefire was announced, with observers from a neutral third country verifying troop movements at four checkpoints along the line. No violations have been reported since the agreement took effect, a development monitors described as encouraging given the volatility of the preceding three months of fighting. Talks toward a permanent settlement are expected to resume next month, though negotiators on both sides cautioned that the underlying territorial dispute remains unresolved and that the ceasefire addresses immediate hostilities rather than root causes. Humanitarian organisations said the withdrawal had allowed the first aid convoys to reach several villages that had been cut off since fighting began.","2027-10-08","2027-10-29","Veyland border","Veyland border","Veyland border conflict; ceasefire; negotiators","Veyland ceasefire; withdrawal; monitors","DIFFERENT_EVENT","The ceasefire announcement and the later start of the withdrawal are related but separate developments three weeks apart."
"P0957","W206-A","W206-B","WORLD_206","WORLD_206","World","hard","different_style","Summit Ends With Agreement on Refugee Resettlement Quotas","A regional summit concluded Wednesday with an agreement among nine states to set common refugee resettlement quotas, ending two days of difficult negotiation. Three countries had initially resisted binding numbers. The agreement includes a review clause after two years.","The Concession That Made the Refugee Deal Possible","Wednesday's resettlement agreement almost did not happen: three states held out against binding quotas until the final session, when negotiators added a review clause allowing numbers to be revisited after two years. That single addition, more than any of the two days of argument before it, is what brought holdouts on board, according to two officials who described the closing hours of negotiation as tense and uncertain until shortly before the agreement was signed. Whether the clause becomes an exit ramp or a genuine check remains to be seen, and several aid organisations that had pushed for binding commitments without review provisions expressed disappointment at what they characterised as a weakening of the final text. The nine states involved account for the majority of resettlement capacity in the region, making the agreement significant despite the compromise.","2027-04-19","2027-04-19","Valdera","Valdera","regional summit; refugee resettlement quotas; nine states","refugee resettlement agreement; review clause; negotiators","SAME_EVENT","News report and analysis of the identical summit agreement on the same day."
"P0958","W206-A","W207-A","WORLD_206","WORLD_207","World","medium","same_topic_different_event","Summit Ends With Agreement on Refugee Resettlement Quotas","A regional summit concluded Wednesday with an agreement among nine states to set common refugee resettlement quotas, ending two days of difficult negotiation. Three countries had initially resisted binding numbers. The agreement includes a review clause after two years.","Separate Meeting Addresses Refugee Healthcare Funding","A separate ministerial meeting focused on funding healthcare access for refugees agreed a joint fund of 40 million, officials said, following on from broader resettlement discussions held earlier in the year. Contributions will be proportional to each state's resettlement quota. The fund will be administered by an existing regional body.","2027-04-19","2027-07-02","Valdera","Valdera","regional summit; refugee resettlement quotas","ministerial meeting; refugee healthcare funding","DIFFERENT_EVENT","A related but separate meeting on healthcare funding held more than two months after the quota summit."
"P0959","W208-A","W208-B","WORLD_208","WORLD_208","World","easy","different_detail_level","Trade Delegation From Nordvik Visits Solvana","A trade delegation from Nordvik visited Solvana this week to discuss expanding agricultural exports.","Nordvik Delegation Explores Agricultural Trade With Solvana","A delegation of Nordvik officials and business representatives spent three days in Solvana discussing ways to expand agricultural trade between the two countries, with dairy and grain exports identified as priority areas. Meetings included Solvana's agriculture ministry and a chamber of commerce event attended by roughly 60 companies. No binding agreements were signed, though both sides described the visit as productive and said a follow-up meeting would be scheduled within the year.","2027-05-27","2027-05-27","Puerto Alma, Solvana","Puerto Alma, Solvana","Nordvik trade delegation; Solvana; agricultural exports","Nordvik delegation; Solvana; agricultural trade","SAME_EVENT","Brief item and detailed report on the identical trade visit during the same week."
"P0960","W202-A","W209-A","WORLD_202","WORLD_209","World","medium","same_topic_different_event","Landslide Kills Twelve in Kestral Highlands","A landslide following heavy rain killed at least twelve people in the Fenmoor highlands on Thursday, local officials said. Rescue teams were searching for several people still missing. Roads to the affected villages remained blocked.","Flooding Displaces Thousands in River Delta Region","Sustained heavy rain caused rivers to overflow across a delta region, displacing an estimated 14,000 people, disaster officials said. Temporary shelters have been set up in schools and community halls. The government has requested international assistance for relief supplies.","2027-08-21","2027-09-30","Fenmoor highlands","River delta region","Fenmoor highlands; landslide; local officials","river delta region; flooding; disaster officials","DIFFERENT_EVENT","Two unrelated natural disasters in different regions more than five weeks apart."
"P0961","H200-A","H200-B","HEALTH_200","HEALTH_200","Health","easy","paraphrase","Regulator Approves New Migraine Prevention Drug","The medicines regulator approved Nervalix on Wednesday for prevention of chronic migraine, making it the third drug of its class available. Clinical trials showed a reduction in monthly migraine days compared with placebo. The drug is administered as a monthly injection.","Nervalix Cleared for Chronic Migraine Prevention","Nervalix has been approved for preventing chronic migraine, regulators said Wednesday, becoming the third treatment of its type on the market. Trial data showed fewer migraine days per month compared with placebo. Patients receive the drug via monthly injection.","2027-02-15","2027-02-15","Halsted, Nordvik","Halsted, Nordvik","medicines regulator; Nervalix; migraine prevention","Nervalix; chronic migraine; regulator approval","SAME_EVENT","Same approval announced the same day, differently worded."
"P0962","H200-A","H201-A","HEALTH_200","HEALTH_201","Health","medium","same_entity_different_event","Regulator Approves New Migraine Prevention Drug","The medicines regulator approved Nervalix on Wednesday for prevention of chronic migraine, making it the third drug of its class available. Clinical trials showed a reduction in monthly migraine days compared with placebo. The drug is administered as a monthly injection.","Regulator Approves Nervalix for Episodic Migraine Too","The medicines regulator has expanded the approval for Nervalix to include episodic migraine, following review of additional trial data. The expanded indication covers patients with fewer than fifteen migraine days per month. The manufacturer said this roughly doubles the eligible patient population.","2027-02-15","2027-07-09","Halsted, Nordvik","Halsted, Nordvik","medicines regulator; Nervalix; migraine prevention","medicines regulator; Nervalix; episodic migraine","DIFFERENT_EVENT","Same drug and regulator, but the initial approval and a separate expanded-indication decision five months later are different events."
"P0963","H202-A","H212-A","HEALTH_202","HEALTH_212","Health","medium","follow_up","Measles Cases Confirmed in Three Districts","Health officials confirmed twelve cases of measles across three districts on Monday, linked to an unvaccinated traveller. Vaccination clinics were opened at short notice in affected areas.","Health Officials Report Measles Cases Resolved, No New Infections","Health officials said the measles cluster linked to an unvaccinated traveller appears to have been contained, with no new cases reported in the three weeks since the last confirmed infection. Vaccination clinics set up during the outbreak will close at the end of the month. Officials credited rapid contact tracing.","2027-06-02","2027-06-23","Nationwide, UK","Nationwide, UK","measles outbreak; health officials; three districts","measles cluster; health officials; containment","DIFFERENT_EVENT","The initial case confirmation and the later containment update are separate reported developments about three weeks apart."
"P0964","H203-A","H203-B","HEALTH_203","HEALTH_203","Health","very_hard","entity_normalization","Hospital Trust Fined Over Data Handling Failures","The information commissioner fined Northgate Hospital Trust 380,000 after an investigation found patient records had been accessible without adequate access controls for over a year. The trust said it had since implemented new safeguards.","Watchdog Penalises Trust for Patient Record Failings","A data protection watchdog issued a 380,000 penalty against a hospital trust after finding that patient records were left accessible without proper controls for more than a year. The trust said corrective measures had been put in place. The investigation followed a complaint from a staff member.","2027-09-08","2027-09-08","Northgate, UK","Northgate, UK","information commissioner; Northgate Hospital Trust; fine","data protection watchdog; hospital trust; penalty","SAME_EVENT","Same enforcement action on the same day, with the trust and regulator named specifically in one article and described generically in the other."
"P0965","H204-A","H204-B","HEALTH_204","HEALTH_204","Health","medium","different_source","Study Links Ultra-Processed Food Intake to Sleep Quality","A study of 12,000 adults found that higher consumption of ultra-processed foods was associated with poorer self-reported sleep quality, researchers said. The association held after adjusting for body weight and physical activity. The authors called for further research into mechanisms.","Ultra-Processed Diets Tied to Worse Sleep in New Study","Researchers tracking 12,000 adults reported that those eating more ultra-processed food described worse sleep quality, a pattern that persisted after accounting for weight and exercise levels. The team said the underlying mechanism remains unclear and warrants further study.","2027-11-14","2027-11-14","Melbourne, Australia","Melbourne, Australia","ultra-processed food; sleep quality; cohort study","ultra-processed diets; sleep; researchers","SAME_EVENT","Same study published the same day, reported by two outlets with different phrasing."
"P0966","H204-A","H205-A","HEALTH_204","HEALTH_205","Health","hard","same_topic_different_event","Study Links Ultra-Processed Food Intake to Sleep Quality","A study of 12,000 adults found that higher consumption of ultra-processed foods was associated with poorer self-reported sleep quality, researchers said. The association held after adjusting for body weight and physical activity. The authors called for further research into mechanisms.","Separate Study Examines Screen Time and Sleep in Teenagers","A different research team reported that teenagers with more than three hours of daily screen time before bed had shorter average sleep duration, based on data from 4,300 participants collected through a combination of surveys and a subset wearing activity trackers for validation. The study relied primarily on self-reported screen use for the full sample, a limitation the authors acknowledged, though the tracker subset showed reasonable agreement with reported figures. Researchers recommended further work using objective tracking across the entire sample rather than the smaller validation group, and said the association was strongest among participants who reported using screens in bed rather than in another room beforehand. The team noted that content type, not just duration, may matter, though the current study was not designed to distinguish between different kinds of screen activity.","2027-11-14","2027-12-01","Melbourne, Australia","Toronto, Canada","ultra-processed food; sleep quality; cohort study","screen time; teenagers; sleep duration","DIFFERENT_EVENT","Two different studies on different populations and exposures related to sleep, published weeks apart by different teams."
"P0967","H206-A","H206-B","HEALTH_206","HEALTH_206","Health","medium","different_detail_level","Ambulance Response Times Improve in Latest Quarter","Average ambulance response times for the most urgent calls improved to 7.2 minutes in the latest quarter, down from 8.1 minutes a year earlier, health service figures showed.","Ambulance Response Times Fall to 7.2 Minutes","The latest health service figures show average response times for the most urgent ambulance calls fell to 7.2 minutes, an improvement from 8.1 minutes in the same quarter last year. Officials attributed the gain partly to additional crews hired over the past year and to a new triage system that better prioritises calls. Response times for less urgent categories showed smaller improvements, and the service said rural areas continued to lag behind urban response times by a significant margin.","2027-01-30","2027-01-30","Nationwide, UK","Nationwide, UK","ambulance response times; health service figures","ambulance response times; health service; triage system","SAME_EVENT","Brief statistic and detailed report on the identical quarterly figures released the same day."
"P0968","H207-A","H211-A","HEALTH_207","HEALTH_211","Health","hard","different_incident","Ambulance Service Declares Critical Incident Amid Demand Surge","An ambulance service declared a critical incident on Saturday after a surge in calls linked to a heatwave overwhelmed available crews, officials said. Non-urgent transfers were suspended to free capacity.","Different Region's Ambulance Service Also Under Strain","A separate ambulance service in a neighbouring region reported severe strain on Sunday, though it stopped short of declaring a formal critical incident, citing a combination of heat-related calls and a flu spike. Officials said mutual aid arrangements with adjacent services were activated.","2027-07-19","2027-07-20","Northgate, UK","Bexford, UK","ambulance service; critical incident; heatwave","ambulance service; strain; mutual aid","DIFFERENT_EVENT","Two different ambulance services facing separate demand pressures on consecutive days, one declaring a formal incident and one not."
"P0969","H208-A","H208-B","HEALTH_208","HEALTH_208","Health","easy","paraphrase","Trial Finds Combination Therapy Improves Outcomes for Rare Blood Cancer","A trial combining two existing drugs improved progression-free survival for patients with a rare blood cancer compared with standard treatment alone, researchers reported. The combination is now being considered for inclusion in treatment guidelines.","Combination Treatment Shows Benefit in Rare Blood Cancer Trial","Researchers reported that pairing two existing drugs extended progression-free survival for patients with a rare blood cancer, compared with standard therapy alone. The findings are expected to influence upcoming treatment guidelines. Results were presented at a medical conference.","2027-06-20","2027-06-20","Chicago, USA","Chicago, USA","combination therapy; rare blood cancer; trial","combination treatment; blood cancer trial","SAME_EVENT","Same trial results reported the same day, reworded."
"P0970","H208-A","H209-A","HEALTH_208","HEALTH_209","Health","medium","same_entity_different_event","Trial Finds Combination Therapy Improves Outcomes for Rare Blood Cancer","A trial combining two existing drugs improved progression-free survival for patients with a rare blood cancer compared with standard treatment alone, researchers reported. The combination is now being considered for inclusion in treatment guidelines.","Guideline Committee Adds Combination Therapy for Blood Cancer","A national treatment guideline committee has added the two-drug combination for rare blood cancer to its recommended options, citing the trial results reported earlier in the year. The change takes effect immediately for new patients. Cost-effectiveness review is ongoing separately.","2027-06-20","2027-10-05","Chicago, USA","London, UK","combination therapy; rare blood cancer; trial","guideline committee; combination therapy; blood cancer","DIFFERENT_EVENT","The trial results and a later separate guideline committee decision are distinct events months apart involving different bodies."
"P0971","E200-A","E200-B","ENV_200","ENV_200","Environment","easy","paraphrase","Wildfire Prompts Evacuation of Pinehollow Valley","A fast-moving wildfire prompted evacuation orders for Pinehollow Valley on Wednesday, fire officials said, after the blaze grew rapidly overnight in dry, windy conditions. About 3,000 residents were affected.","Pinehollow Valley Residents Ordered to Evacuate as Fire Spreads","Fire officials ordered roughly 3,000 residents of Pinehollow Valley to evacuate Wednesday as a wildfire expanded quickly overnight amid dry and windy conditions. The rapid growth caught crews by surprise. Evacuation centres were set up in a neighbouring town.","2027-08-06","2027-08-06","Pinehollow Valley, USA","Pinehollow Valley, USA","Pinehollow Valley; wildfire; evacuation order","Pinehollow Valley; wildfire; evacuation centres","SAME_EVENT","Same evacuation order on the same day, differently phrased."
"P0972","E200-A","E201-A","ENV_200","ENV_201","Environment","hard","different_incident","Wildfire Prompts Evacuation of Pinehollow Valley","A fast-moving wildfire prompted evacuation orders for Pinehollow Valley on Wednesday, fire officials said, after the blaze grew rapidly overnight in dry, windy conditions. About 3,000 residents were affected.","Separate Fire Threatens Ridgemont Watershed","A separate wildfire burning near the Ridgemont watershed has prompted water quality concerns, officials said, though no evacuation orders have been issued since the fire remains several kilometres from the nearest residential area. Fire crews are working to protect infrastructure near the reservoir, including a pumping station that supplies water to two downstream communities, and have cut fire breaks along the access road leading to the facility. The fire is unrelated to blazes reported earlier in the week elsewhere in the region, officials stressed, noting that it started from a different ignition source under investigation separately. Water utility officials said turbidity monitoring had been increased as a precaution, though no impact on supply had been detected as of Thursday evening.","2027-08-06","2027-08-09","Pinehollow Valley, USA","Ridgemont, USA","Pinehollow Valley; wildfire; evacuation order","Ridgemont watershed; wildfire; water quality","DIFFERENT_EVENT","Two separate wildfires in different locations days apart, explicitly noted as unrelated to each other."
"P0973","E202-A","E202-B","ENV_202","ENV_202","Environment","medium","different_source","Government Sets New National Emissions Target","The government announced a target to cut national emissions by 55 percent from 2010 levels by 2035, exceeding its previous commitment. The plan relies heavily on expanding renewable generation and electrifying transport. Environmental groups called the target a step forward but said implementation details were lacking.","New Emissions Target Announced, Renewables Central to Plan","A new national emissions target of 55 percent below 2010 levels by 2035 was announced by the government, surpassing the earlier goal, with renewable energy expansion and transport electrification identified as the main levers. Campaigners welcomed the ambition while criticising the absence of a detailed delivery plan.","2027-03-25","2027-03-25","London, UK","London, UK","government; emissions target; renewables","emissions target; renewable energy; transport electrification","SAME_EVENT","Same target announcement on the same day, told by two outlets with different structure."
"P0974","E202-A","E203-A","ENV_202","ENV_203","Environment","hard","same_topic_different_event","Government Sets New National Emissions Target","The government announced a target to cut national emissions by 55 percent from 2010 levels by 2035, exceeding its previous commitment. The plan relies heavily on expanding renewable generation and electrifying transport. Environmental groups called the target a step forward but said implementation details were lacking.","Opposition Proposes Alternative Emissions Framework","The opposition party unveiled its own emissions framework, proposing a steeper 65 percent cut by 2035 alongside a carbon border tax that would apply to imports from countries without comparable climate policies. The party said the government's plan lacked ambition and enforcement mechanisms, pointing specifically to the absence of binding interim targets before the 2035 deadline. The proposal is not binding and would require winning the next election to implement, a point government ministers were quick to emphasise in response, dismissing the framework as an aspirational document rather than a serious policy alternative. Independent analysts said the border tax proposal in particular would face significant technical and diplomatic challenges if pursued, given ongoing disputes at the international level over how such measures should be structured to comply with trade rules.","2027-03-25","2027-04-30","London, UK","London, UK","government; emissions target; renewables","opposition party; emissions framework; carbon border tax","DIFFERENT_EVENT","A government policy announcement and a separate opposition counter-proposal weeks later, from different political actors."
"P0975","E204-A","E213-A","ENV_204","ENV_213","Environment","medium","different_incident","Oil Spill Reported Off Amberlyn Strait Coastline","A tanker reported an oil spill off the Amberlyn Strait coastline on Tuesday, with an estimated 40,000 litres released after a valve failure during transfer operations. Coast guard vessels were dispatched to begin containment.","Separate Tanker Incident Reported Near Amberlyn Strait","A different tanker reported a minor fuel leak near the Amberlyn Strait on Thursday, unrelated to the earlier spill reported in May, coast guard officials said. The leak was contained within hours and no wildlife impact was observed. Officials said the two incidents involved different vessels and operators.","2027-05-11","2027-08-12","Amberlyn Strait","Amberlyn Strait","Amberlyn Strait; oil spill; tanker","Amberlyn Strait; tanker leak; coast guard","DIFFERENT_EVENT","Two separate tanker incidents near the same strait months apart, explicitly described by officials as unrelated and involving different vessels."
"P0976","E205-A","E205-B","ENV_205","ENV_205","Environment","hard","different_style","Study Finds Urban Tree Cover Reduces Heat-Related Deaths","A study estimated that increased urban tree cover in major cities could reduce heat-related deaths by around 30 percent during extreme heat events, based on modelling of past heatwaves. Researchers called for expanded urban forestry investment.","What the Tree-Cover Study Actually Shows","The headline figure from this week's urban tree-cover study, a 30 percent reduction in heat deaths, is a modelled projection rather than an observed outcome, and it assumes a scale of planting that few cities have committed to in practice, requiring canopy coverage roughly double what most of the studied cities currently maintain. That caveat matters less for the paper's core argument, which is that even partial canopy expansion produces measurable cooling in the hottest neighbourhoods, which tend to have the least tree cover already due to historical patterns of urban development and investment. The researchers are explicit that funding, not evidence, is now the limiting factor, and they estimate the cost of reaching even half the modelled canopy target would exceed current municipal parks budgets several times over in most of the cities studied. Several city officials interviewed alongside the paper's release said the findings would inform budget requests for the coming fiscal year, though none committed to specific funding figures.","2027-07-08","2027-07-08","Phoenix, USA","Phoenix, USA","urban tree cover; heat-related deaths; study","tree-cover study; heat deaths; urban forestry","SAME_EVENT","News report and analytical piece on the identical study published the same day."
"P0977","E206-A","E206-B","ENV_206","ENV_206","Environment","easy","paraphrase","Drought Emergency Declared in Three Counties","State officials declared a drought emergency in three counties on Monday after reservoir levels fell below 30 percent of capacity. Water restrictions took effect immediately for agricultural and residential users.","Three Counties Under Drought Emergency as Reservoirs Drop","A drought emergency was declared for three counties Monday after reservoirs fell under 30 percent capacity, state officials said. Immediate water restrictions apply to both agricultural and residential users.","2027-09-14","2027-09-14","Sacramento, USA","Sacramento, USA","drought emergency; state officials; three counties","drought emergency; reservoir levels; water restrictions","SAME_EVENT","Same declaration on the same day, differently worded."
"P0978","E206-A","E207-A","ENV_206","ENV_207","Environment","medium","same_topic_different_event","Drought Emergency Declared in Three Counties","State officials declared a drought emergency in three counties on Monday after reservoir levels fell below 30 percent of capacity. Water restrictions took effect immediately for agricultural and residential users.","Neighbouring State Extends Existing Drought Declaration","A neighbouring state extended its existing drought emergency declaration for another six months, officials said, citing continued below-average rainfall that has left reservoir levels well below historical norms for the season. The declaration was first issued a year earlier and has been renewed twice since, a pattern officials acknowledged reflects a multi-year drought rather than a single dry season. Farmers in affected counties remain eligible for state assistance programmes, including low-interest loans and technical support for adopting drought-resistant crop varieties, though agricultural groups said the assistance had not kept pace with mounting losses. The state's water resources department said it was also reviewing longer-term allocation rules given projections suggesting the current drought pattern may persist for several more years.","2027-09-14","2027-10-02","Sacramento, USA","Carson City, USA","drought emergency; state officials; three counties","drought declaration extension; neighbouring state","DIFFERENT_EVENT","Two different states making separate drought-related decisions weeks apart."
"P0979","E208-A","E208-B","ENV_208","ENV_208","Environment","hard","entity_normalization","Court Upholds Permit for Halvern Offshore Wind Farm","An appeals court upheld the permit for the Halvern offshore wind farm, rejecting a challenge from a fishing industry group over navigation concerns. Construction can now proceed as scheduled. The developer said turbines could be operational within three years.","Judges Reject Challenge to Offshore Wind Project","An appellate panel dismissed a fishing industry challenge to the permit for an offshore wind development, finding that navigation concerns had been adequately addressed in the original review. The project's developer can now proceed with construction, targeting operation within three years.","2027-12-02","2027-12-02","Halvern coast","Halvern coast","appeals court; Halvern offshore wind farm; permit","appellate panel; offshore wind project; permit","SAME_EVENT","Same ruling on the same day, with the court and project named specifically in one article and described generically in the other."
"P0980","E200-A","E209-A","ENV_200","ENV_209","Environment","medium","same_location_different_event","Wildfire Prompts Evacuation of Pinehollow Valley","A fast-moving wildfire prompted evacuation orders for Pinehollow Valley on Wednesday, fire officials said, after the blaze grew rapidly overnight in dry, windy conditions. About 3,000 residents were affected.","Pinehollow Valley Fire Fully Contained","Fire officials declared the Pinehollow Valley wildfire fully contained on Sunday, nearly two weeks after it prompted evacuations for roughly 3,000 residents. Residents were allowed to return home starting Monday, though officials warned that some areas would require inspection before power and water services could be fully restored. The cause remains under investigation, with fire marshals examining a section near where the blaze is believed to have started for evidence of its origin. Total area burned was estimated at 4,200 hectares, and officials said the rapid initial spread that necessitated the evacuation order had been driven by wind conditions that eased significantly within the first 48 hours. Insurance assessors began surveying damaged properties this week, with preliminary estimates suggesting at least a dozen structures were lost.","2027-08-06","2027-08-15","Pinehollow Valley, USA","Pinehollow Valley, USA","Pinehollow Valley; wildfire; evacuation order","Pinehollow Valley fire; containment; residents return","DIFFERENT_EVENT","Same wildfire location and incident lineage, but the initial evacuation and the later containment announcement are treated as separate reportable events over a week apart."
"P0981","C200-A","C200-B","CRIME_200","CRIME_200","Crime","easy","paraphrase","Police Break Up Counterfeit Currency Ring","Police arrested five people in connection with a counterfeit currency operation that produced an estimated 800,000 in fake banknotes, officials said. Printing equipment was seized at a rented unit. Two of those arrested face additional charges over distribution.","Five Held as Counterfeit Currency Operation Dismantled","Officers arrested five suspects and seized printing equipment used to produce roughly 800,000 in counterfeit banknotes, police said, following raids on a rented storage unit. Two suspects face further charges related to distributing the fake currency. The investigation began after banks flagged suspicious notes.","2027-03-02","2027-03-02","Lisbon, Portugal","Lisbon, Portugal","counterfeit currency ring; police; arrests","counterfeit currency operation; police; raids","SAME_EVENT","Same arrests and seizure announced the same day, reworded."
"P0982","C200-A","C201-A","CRIME_200","CRIME_201","Crime","hard","follow_up","Police Break Up Counterfeit Currency Ring","Police arrested five people in connection with a counterfeit currency operation that produced an estimated 800,000 in fake banknotes, officials said. Printing equipment was seized at a rented unit. Two of those arrested face additional charges over distribution.","Three of Five Counterfeit Suspects Charged","Prosecutors have charged three of the five people arrested in the counterfeit currency case, while two others were released without charge pending further inquiry, officials said. Those charged are due in court next month. Police said the investigation into distribution channels continues.","2027-03-02","2027-04-11","Lisbon, Portugal","Lisbon, Portugal","counterfeit currency ring; police; arrests","counterfeit currency case; charges; prosecutors","DIFFERENT_EVENT","The arrests and the later charging decision are separate stages of the same case reported over a month apart."
"P0983","C202-A","C202-B","CRIME_202","CRIME_202","Crime","medium","different_source","Wildfire Arson Suspect Arrested","Police arrested a 41-year-old man suspected of starting the wildfire that burned near Ridgemont last month, officials said. Investigators linked the suspect to the scene through vehicle tracking data. He faces multiple arson charges.","Arrest Made in Ridgemont Wildfire Arson Case","A suspect has been taken into custody in connection with last month's Ridgemont wildfire, which investigators believe was deliberately set, police said. Vehicle location data was cited as key evidence linking the man to the area. Multiple charges are expected.","2027-09-05","2027-09-05","Ridgemont, USA","Ridgemont, USA","wildfire arson suspect; police; arrest","Ridgemont wildfire; arson case; arrest","SAME_EVENT","Same arrest announced the same day by two outlets, differently structured."
"P0984","C203-A","C212-A","CRIME_203","CRIME_212","Crime","medium","different_incident","Bomb Threat Prompts Evacuation of Courthouse","A bomb threat prompted evacuation of the county courthouse on Thursday morning, officials said. Proceedings were suspended while a search was conducted.","Separate Bomb Threat Reported at Regional Airport","A separate bomb threat was called in to a regional airport on Friday, a day after the county courthouse evacuation, police said. The airport was evacuated for two hours before being cleared. Investigators said no connection to the courthouse incident had been established.","2027-04-08","2027-04-09","Riverbend County, USA","Riverbend County, USA","bomb threat; courthouse evacuation; officials","regional airport; bomb threat; evacuation","DIFFERENT_EVENT","Two separate bomb threats at different locations a day apart, explicitly reported as unconnected by investigators."
"P0985","C204-A","C204-B","CRIME_204","CRIME_204","Crime","very_hard","entity_normalization","Prosecutors Charge Executives of Collapsed Lender Brightmoor Capital","Prosecutors charged three former executives of Brightmoor Capital with fraud on Tuesday, alleging they misrepresented the lender's loan book to investors before its collapse. The company failed owing creditors an estimated 240 million. All three face trial next year.","Former Lender Executives Face Fraud Charges","Three former leaders of a collapsed lending firm were charged with fraud Tuesday, accused of misstating the health of the company's loan portfolio to investors ahead of its failure, which left creditors owed roughly 240 million. A trial is expected next year.","2027-11-16","2027-11-16","New York, USA","New York, USA","Brightmoor Capital; executives; fraud charges","collapsed lender; executives; fraud charges","SAME_EVENT","Same charges announced the same day, with the firm named specifically in one article and described generically in the other."
"P0986","C205-A","C205-B","CRIME_205","CRIME_205","Crime","medium","different_detail_level","Two Charged Over Highway Overpass Vandalism Spree","Two people have been charged over a series of graffiti incidents on highway overpasses across the region.","Overpass Graffiti Spree Leads to Two Arrests","Police charged two suspects in connection with a string of graffiti incidents affecting at least fourteen highway overpasses over three months, officials said, with damage estimated at 210,000 in cleanup costs. Officers said the pair were identified after a member of the public recognised a distinctive tag style shared on social media. Both face charges of criminal damage, and the transportation department said cleanup work would begin once forensic examination of the sites concluded.","2027-06-28","2027-06-28","Bexford, UK","Bexford, UK","overpass vandalism; charges; police","overpass graffiti; arrests; cleanup costs","SAME_EVENT","Short item and detailed report on the identical charging announcement the same day."
"P0987","C206-A","C211-A","CRIME_206","CRIME_211","Crime","hard","same_topic_different_event","Two Charged Over Highway Overpass Vandalism Spree","Police charged two suspects in connection with a string of graffiti incidents affecting at least fourteen highway overpasses over three months, officials said, with damage estimated at 210,000 in cleanup costs.","Separate Vandalism Case Targets Rail Carriages","A separate investigation has led to charges against three people accused of spray-painting rail carriages at a depot, causing an estimated 90,000 in damage, transport police said. The case is unrelated to the highway overpass incidents reported earlier in the year. All three are due in court next month.","2027-06-28","2027-08-15","Bexford, UK","Bexford, UK","overpass vandalism; charges; police","rail carriage vandalism; charges; transport police","DIFFERENT_EVENT","Two separate vandalism cases involving different targets and defendants weeks apart, explicitly described as unrelated."
"P0988","C207-A","C213-A","CRIME_207","CRIME_213","Crime","medium","follow_up","Jury Acquits Defendant in High-Profile Fraud Trial","A jury acquitted the defendant in a closely watched fraud trial on Friday, rejecting prosecution claims that he had knowingly misled investors. The verdict followed six weeks of testimony. Prosecutors said they respected the decision.","Prosecutors Announce Review of Fraud Case Handling","The prosecutor's office said it would review how the fraud case was investigated after Friday's acquittal, a step officials described as routine following any high-profile loss at trial. The review is expected to take several months. It will not reopen the case itself.","2027-10-15","2027-11-10","Chicago, USA","Chicago, USA","fraud trial; jury; acquittal","prosecutor's office; case review; fraud trial","DIFFERENT_EVENT","The acquittal and the later internal review are separate reported developments about a month apart, not the same event."
"P0989","C208-A","C208-B","CRIME_208","CRIME_208","Crime","easy","paraphrase","Suspect Charged Over String of Car Thefts","Police charged a 27-year-old man with nineteen counts of vehicle theft following an investigation into a series of thefts from residential driveways. He was arrested after being found with a stolen vehicle.","Nineteen Counts Filed in Car Theft Investigation","A man faces nineteen vehicle theft charges after police linked him to a series of thefts from residential driveways, officials said. He was taken into custody while in possession of a stolen car. The investigation began three months ago.","2027-01-19","2027-01-19","Denmoor, UK","Denmoor, UK","car theft charges; police; suspect","vehicle theft charges; police; investigation","SAME_EVENT","Same charging announcement on the same day, reworded."
"P0990","C208-A","C209-A","CRIME_208","CRIME_209","Crime","medium","same_entity_different_event","Suspect Charged Over String of Car Thefts","Police charged a 27-year-old man with nineteen counts of vehicle theft following an investigation into a series of thefts from residential driveways. He was arrested after being found with a stolen vehicle.","Car Theft Suspect Sentenced to Three Years","The man charged earlier in the year with nineteen counts of vehicle theft was sentenced to three years in prison after pleading guilty, the court said, avoiding what would have been a lengthy trial involving testimony from numerous victims whose vehicles had been taken from residential driveways. A judge ordered restitution to be paid to victims, though the court acknowledged that full recovery was unlikely given the defendant's limited means. The plea came shortly before trial was set to begin, and prosecutors said the agreement reflected the strength of the evidence, including vehicle tracking data recovered from several of the stolen cars. The defendant's lawyer said his client had cooperated fully with investigators once apprehended and expressed remorse for the impact on victims during the sentencing hearing.","2027-01-19","2027-08-22","Denmoor, UK","Denmoor, UK","car theft charges; police; suspect","car theft suspect; sentencing; restitution","DIFFERENT_EVENT","The charging and the later sentencing are separate stages of the same case reported months apart."
"P0991","EN200-A","EN200-B","ENT_200","ENT_200","Entertainment","easy","paraphrase","Harrowgate Wins Best Ensemble at Aldercrest Awards","The series Harrowgate won best ensemble at the Aldercrest television awards on Sunday, with the cast accepting the honour together on stage. It is the show's first major award. The ceremony also recognised a documentary about coastal fishing communities.","Best Ensemble Prize Goes to Harrowgate Cast","Harrowgate's cast took home the best ensemble award at Sunday's Aldercrest television ceremony, marking the show's first significant honour. A documentary on coastal fishing communities was also recognised at the event.","2027-03-21","2027-03-21","Los Angeles, USA","Los Angeles, USA","Harrowgate; Aldercrest awards; best ensemble","Harrowgate cast; Aldercrest ceremony; award","SAME_EVENT","Same award announcement on the same night, reworded."
"P0992","EN200-A","EN201-A","ENT_200","ENT_201","Entertainment","hard","same_entity_different_event","Harrowgate Wins Best Ensemble at Aldercrest Awards","The series Harrowgate won best ensemble at the Aldercrest television awards on Sunday, with the cast accepting the honour together on stage. It is the show's first major award. The ceremony also recognised a documentary about coastal fishing communities.","Harrowgate Renewed for Fourth Season","The streaming service behind Harrowgate has ordered a fourth season, the company announced, with production expected to begin next year. The show's creator will return. Casting details were not disclosed.","2027-03-21","2027-05-14","Los Angeles, USA","Los Angeles, USA","Harrowgate; Aldercrest awards","Harrowgate; fourth season; renewal","DIFFERENT_EVENT","Same show, but an awards win and a later separate renewal announcement are different events."
"P0993","EN202-A","EN202-B","ENT_202","ENT_202","Entertainment","hard","different_source","Novelist Halden Announces New Book Deal","The novelist Rosa Halden has signed a two-book deal with a major publisher, her agent confirmed Tuesday, following the success of her debut. The first of the two new titles is expected within eighteen months. Financial terms were not disclosed.","Two-Book Deal Confirmed for Rosa Halden","Author Rosa Halden has secured a two-book publishing agreement, her representative said Tuesday, building on the reception of her first novel. The earlier of the two books is expected out within a year and a half. Terms of the deal were not released.","2027-05-04","2027-05-04","New York, USA","New York, USA","Rosa Halden; book deal; publisher","Rosa Halden; publishing agreement","SAME_EVENT","Same deal announcement on the same day, differently phrased."
"P0994","EN202-A","EN203-A","ENT_202","ENT_203","Entertainment","medium","same_entity_different_event","Novelist Halden Announces New Book Deal","The novelist Rosa Halden has signed a two-book deal with a major publisher, her agent confirmed Tuesday, following the success of her debut. The first of the two new titles is expected within eighteen months. Financial terms were not disclosed.","Halden's Debut Novel Optioned for Film","Rosa Halden's debut novel has been optioned for a film adaptation by an independent studio, her agent said. No director or cast has been attached. The studio said it hoped to have a script within a year.","2027-05-04","2027-08-30","New York, USA","Los Angeles, USA","Rosa Halden; book deal; publisher","Rosa Halden; film option; independent studio","DIFFERENT_EVENT","Same author, but a new book deal and a separate film option for an earlier work months later are different events."
"P0995","EN204-A","EN204-B","ENT_204","ENT_204","Entertainment","hard","different_style","Festival Closes With Record Attendance","The Marlowe Arts Festival closed Sunday with organisers reporting record attendance of 84,000 over the four-day run, up from 71,000 the previous year. Ticket revenue funds community arts programmes through the rest of the year.","What Marlowe's Record Turnout Actually Funds","The 84,000 attendance figure organisers announced at Sunday's close of the Marlowe Arts Festival is not just a bragging point, it is the number that determines how much the festival's community arts programme can spend over the coming year, since ticket revenue is the programme's primary funding source. This year's total, up sharply from 71,000 last year, likely means an expanded schedule of free workshops in the autumn. Organisers credited a shift toward more free daytime events for pulling in new visitors.","2027-08-15","2027-08-15","Marlowe, UK","Marlowe, UK","Marlowe Arts Festival; record attendance; ticket revenue","Marlowe Arts Festival; attendance; community arts programme","SAME_EVENT","News report and analysis of the identical festival attendance figures released the same day."
"P0996","EN206-A","EN213-A","ENT_206","ENT_213","Entertainment","medium","follow_up","Concert Cancelled After Venue Structural Concern","A concert scheduled for Friday night was cancelled hours before doors opened after inspectors flagged a structural concern at the venue, organisers said. Ticket holders will be refunded automatically.","Venue Announces Rescheduled Date for Cancelled Concert","The venue that cancelled Friday's concert over a structural concern has announced a rescheduled date six weeks later, organisers said. Ticket holders will have priority access to the new date before general resale. An engineering report on the original issue has not been made public.","2027-10-08","2027-11-19","Bristol, UK","Bristol, UK","concert cancellation; structural concern; venue","venue; rescheduled concert; ticket holders","DIFFERENT_EVENT","The cancellation and the later rescheduling announcement are separate developments about six weeks apart, not the same event."
"P0997","EN207-A","EN207-B","ENT_207","ENT_207","Entertainment","hard","entity_normalization","Streaming Platform Orders Adaptation of Novel Coldwater Run","A streaming platform has ordered a limited series adaptation of the novel Coldwater Run, the company announced, with a showrunner attached but no cast confirmed. Production is expected to begin next year.","Coldwater Run Adaptation Ordered by Streamer","A limited series based on the novel Coldwater Run has been commissioned by a streaming service, according to an announcement naming a showrunner but no cast yet. Filming is anticipated to start next year.","2027-02-11","2027-02-11","Los Angeles, USA","Los Angeles, USA","streaming platform; Coldwater Run; adaptation","streaming service; Coldwater Run adaptation","SAME_EVENT","Same commissioning announcement the same day, with the platform described generically in both but the wording varied throughout."
"P0998","EN208-A","EN208-B","ENT_208","ENT_208","Entertainment","easy","paraphrase","Indie Game Marrowlight Surpasses One Million Sales","The independent game Marrowlight passed one million copies sold, its two-person development studio announced. The game launched eight months ago to strong reviews. The team said a content update is planned for the anniversary.","Marrowlight Hits One Million Sales Milestone","Marrowlight, developed by a two-person studio, has sold more than one million copies eight months after launch, the team said. The game received strong reviews at release. An anniversary content update is in the works.","2027-09-19","2027-09-19","Warsaw, Poland","Warsaw, Poland","Marrowlight; one million sales; indie studio","Marrowlight; sales milestone; content update","SAME_EVENT","Same sales milestone announced the same day, reworded."
"P0999","EN208-A","EN209-A","ENT_208","ENT_209","Entertainment","medium","same_topic_different_event","Indie Game Marrowlight Surpasses One Million Sales","The independent game Marrowlight passed one million copies sold, its two-person development studio announced. The game launched eight months ago to strong reviews. The team said a content update is planned for the anniversary.","Different Indie Title Reaches 500,000 Sales","A separate independent game, developed by a five-person studio, has reached 500,000 copies sold since its release six months ago, the developer said. The team credited a recent discount and word of mouth for a sales surge that saw sales roughly triple over a two-week period following a feature on a popular streaming platform. No further updates were announced regarding future content, though the developer said in a social media post that the team was discussing options for downloadable content given the unexpected commercial success. The studio, previously known for a smaller title that sold modestly, said the milestone would allow it to expand its team for the first time since founding four years ago.","2027-09-19","2027-10-30","Warsaw, Poland","Helsinki, Finland","Marrowlight; one million sales; indie studio","separate indie title; 500,000 sales; developer","DIFFERENT_EVENT","Two different independent games from different studios reaching separate sales milestones weeks apart."
"P1000","EN204-A","EN209-A","ENT_204","ENT_209","Entertainment","medium","different_incident","Festival Closes With Record Attendance","The Marlowe Arts Festival closed Sunday with organisers reporting record attendance of 84,000 over the four-day run, up from 71,000 the previous year. Ticket revenue funds community arts programmes through the rest of the year.","Different Indie Title Reaches 500,000 Sales","A separate independent game, developed by a five-person studio, has reached 500,000 copies sold since its release six months ago, the developer said. The team credited a recent discount and word of mouth for a sales surge that saw sales roughly triple over a two-week period following a feature on a popular streaming platform. No further updates were announced regarding future content, though the developer said in a social media post that the team was discussing options for downloadable content given the unexpected commercial success. The studio, previously known for a smaller title that sold modestly, said the milestone would allow it to expand its team for the first time since founding four years ago.","2027-08-15","2027-10-30","Marlowe, UK","Helsinki, Finland","Marlowe Arts Festival; record attendance","separate indie title; 500,000 sales; developer","DIFFERENT_EVENT","Unrelated entertainment stories in different countries and media weeks apart, sharing only the broad category."
